"hospital","date","bed_type","status","count"
"All SF Acute Hospitals",2020-07-22,"Intensive Care Surge","Available",309
"All SF Acute Hospitals",2020-07-22,"Acute Care","Available",326
"All SF Acute Hospitals",2020-07-22,"Acute Care Surge","Available",406
"All SF Acute Hospitals",2020-07-22,"Intensive Care","Available",79
"All SF Acute Hospitals",2020-07-22,"Intensive Care","COVID-19 (Confirmed & Suspected)",33
"All SF Acute Hospitals",2020-07-22,"Intensive Care","Other Patients",174
"All SF Acute Hospitals",2020-07-22,"Acute Care","COVID-19 (Confirmed & Suspected)",85
"All SF Acute Hospitals",2020-07-22,"Acute Care","Other Patients",1117
"All SF Acute Hospitals",2020-07-23,"Intensive Care Surge","Available",309
"All SF Acute Hospitals",2020-07-23,"Acute Care","Available",326
"All SF Acute Hospitals",2020-07-23,"Acute Care Surge","Available",367
"All SF Acute Hospitals",2020-07-23,"Intensive Care","Available",68
"All SF Acute Hospitals",2020-07-23,"Intensive Care","COVID-19 (Confirmed & Suspected)",33
"All SF Acute Hospitals",2020-07-23,"Intensive Care","Other Patients",185
"All SF Acute Hospitals",2020-07-23,"Acute Care","COVID-19 (Confirmed & Suspected)",70
"All SF Acute Hospitals",2020-07-23,"Acute Care","Other Patients",1171
"All SF Acute Hospitals",2020-07-24,"Intensive Care Surge","Available",309
"All SF Acute Hospitals",2020-07-24,"Acute Care","Available",326
"All SF Acute Hospitals",2020-07-24,"Acute Care Surge","Available",404
"All SF Acute Hospitals",2020-07-24,"Intensive Care","Available",67
"All SF Acute Hospitals",2020-07-24,"Intensive Care","COVID-19 (Confirmed & Suspected)",36
"All SF Acute Hospitals",2020-07-24,"Intensive Care","Other Patients",183
"All SF Acute Hospitals",2020-07-24,"Acute Care","COVID-19 (Confirmed & Suspected)",72
"All SF Acute Hospitals",2020-07-24,"Acute Care","Other Patients",1132
"All SF Acute Hospitals",2020-07-25,"Intensive Care Surge","Available",309
"All SF Acute Hospitals",2020-07-25,"Acute Care","Available",326
"All SF Acute Hospitals",2020-07-25,"Acute Care Surge","Available",439
"All SF Acute Hospitals",2020-07-25,"Intensive Care","Available",87
"All SF Acute Hospitals",2020-07-25,"Intensive Care","COVID-19 (Confirmed & Suspected)",36
"All SF Acute Hospitals",2020-07-25,"Intensive Care","Other Patients",163
"All SF Acute Hospitals",2020-07-25,"Acute Care","COVID-19 (Confirmed & Suspected)",69
"All SF Acute Hospitals",2020-07-25,"Acute Care","Other Patients",1100
"All SF Acute Hospitals",2020-07-26,"Intensive Care Surge","Available",309
"All SF Acute Hospitals",2020-07-26,"Acute Care","Available",326
"All SF Acute Hospitals",2020-07-26,"Acute Care Surge","Available",447
"All SF Acute Hospitals",2020-07-26,"Intensive Care","Available",99
"All SF Acute Hospitals",2020-07-26,"Intensive Care","COVID-19 (Confirmed & Suspected)",36
"All SF Acute Hospitals",2020-07-26,"Intensive Care","Other Patients",151
"All SF Acute Hospitals",2020-07-26,"Acute Care","COVID-19 (Confirmed & Suspected)",73
"All SF Acute Hospitals",2020-07-26,"Acute Care","Other Patients",1088
"All SF Acute Hospitals",2020-07-27,"Intensive Care Surge","Available",309
"All SF Acute Hospitals",2020-07-27,"Acute Care","Available",326
"All SF Acute Hospitals",2020-07-27,"Acute Care Surge","Available",385
"All SF Acute Hospitals",2020-07-27,"Intensive Care","Available",76
"All SF Acute Hospitals",2020-07-27,"Intensive Care","COVID-19 (Confirmed & Suspected)",40
"All SF Acute Hospitals",2020-07-27,"Intensive Care","Other Patients",170
"All SF Acute Hospitals",2020-07-27,"Acute Care","COVID-19 (Confirmed & Suspected)",72
"All SF Acute Hospitals",2020-07-27,"Acute Care","Other Patients",1151
"All SF Acute Hospitals",2020-07-28,"Intensive Care Surge","Available",309
"All SF Acute Hospitals",2020-07-28,"Acute Care","Available",326
"All SF Acute Hospitals",2020-07-28,"Acute Care Surge","Available",382
"All SF Acute Hospitals",2020-07-28,"Intensive Care","Available",70
"All SF Acute Hospitals",2020-07-28,"Intensive Care","COVID-19 (Confirmed & Suspected)",42
"All SF Acute Hospitals",2020-07-28,"Intensive Care","Other Patients",174
"All SF Acute Hospitals",2020-07-28,"Acute Care","COVID-19 (Confirmed & Suspected)",70
"All SF Acute Hospitals",2020-07-28,"Acute Care","Other Patients",1156
"All SF Acute Hospitals",2020-07-29,"Intensive Care Surge","Available",309
"All SF Acute Hospitals",2020-07-29,"Acute Care","Available",326
"All SF Acute Hospitals",2020-07-29,"Acute Care Surge","Available",366
"All SF Acute Hospitals",2020-07-29,"Intensive Care","Available",70
"All SF Acute Hospitals",2020-07-29,"Intensive Care","COVID-19 (Confirmed & Suspected)",42
"All SF Acute Hospitals",2020-07-29,"Intensive Care","Other Patients",174
"All SF Acute Hospitals",2020-07-29,"Acute Care","COVID-19 (Confirmed & Suspected)",75
"All SF Acute Hospitals",2020-07-29,"Acute Care","Other Patients",1167
"All SF Acute Hospitals",2020-07-30,"Intensive Care Surge","Available",309
"All SF Acute Hospitals",2020-07-30,"Acute Care","Available",326
"All SF Acute Hospitals",2020-07-30,"Acute Care Surge","Available",380
"All SF Acute Hospitals",2020-07-30,"Intensive Care","Available",76
"All SF Acute Hospitals",2020-07-30,"Intensive Care","COVID-19 (Confirmed & Suspected)",41
"All SF Acute Hospitals",2020-07-30,"Intensive Care","Other Patients",169
"All SF Acute Hospitals",2020-07-30,"Acute Care","COVID-19 (Confirmed & Suspected)",82
"All SF Acute Hospitals",2020-07-30,"Acute Care","Other Patients",1146
"All SF Acute Hospitals",2020-07-31,"Intensive Care Surge","Available",309
"All SF Acute Hospitals",2020-07-31,"Acute Care","Available",326
"All SF Acute Hospitals",2020-07-31,"Acute Care Surge","Available",423
"All SF Acute Hospitals",2020-07-31,"Intensive Care","Available",82
"All SF Acute Hospitals",2020-07-31,"Intensive Care","COVID-19 (Confirmed & Suspected)",39
"All SF Acute Hospitals",2020-07-31,"Intensive Care","Other Patients",165
"All SF Acute Hospitals",2020-07-31,"Acute Care","COVID-19 (Confirmed & Suspected)",70
"All SF Acute Hospitals",2020-07-31,"Acute Care","Other Patients",1115
"All SF Acute Hospitals",2020-08-01,"Intensive Care Surge","Available",309
"All SF Acute Hospitals",2020-08-01,"Acute Care","Available",326
"All SF Acute Hospitals",2020-08-01,"Acute Care Surge","Available",514
"All SF Acute Hospitals",2020-08-01,"Intensive Care","Available",98
"All SF Acute Hospitals",2020-08-01,"Intensive Care","COVID-19 (Confirmed & Suspected)",40
"All SF Acute Hospitals",2020-08-01,"Intensive Care","Other Patients",148
"All SF Acute Hospitals",2020-08-01,"Acute Care","COVID-19 (Confirmed & Suspected)",74
"All SF Acute Hospitals",2020-08-01,"Acute Care","Other Patients",1020
"All SF Acute Hospitals",2020-08-02,"Intensive Care Surge","Available",309
"All SF Acute Hospitals",2020-08-02,"Acute Care","Available",326
"All SF Acute Hospitals",2020-08-02,"Acute Care Surge","Available",515
"All SF Acute Hospitals",2020-08-02,"Intensive Care","Available",102
"All SF Acute Hospitals",2020-08-02,"Intensive Care","COVID-19 (Confirmed & Suspected)",37
"All SF Acute Hospitals",2020-08-02,"Intensive Care","Other Patients",147
"All SF Acute Hospitals",2020-08-02,"Acute Care","COVID-19 (Confirmed & Suspected)",70
"All SF Acute Hospitals",2020-08-02,"Acute Care","Other Patients",1023
"All SF Acute Hospitals",2020-08-03,"Intensive Care Surge","Available",309
"All SF Acute Hospitals",2020-08-03,"Acute Care","Available",326
"All SF Acute Hospitals",2020-08-03,"Acute Care Surge","Available",480
"All SF Acute Hospitals",2020-08-03,"Intensive Care","Available",91
"All SF Acute Hospitals",2020-08-03,"Intensive Care","COVID-19 (Confirmed & Suspected)",36
"All SF Acute Hospitals",2020-08-03,"Intensive Care","Other Patients",159
"All SF Acute Hospitals",2020-08-03,"Acute Care","COVID-19 (Confirmed & Suspected)",68
"All SF Acute Hospitals",2020-08-03,"Acute Care","Other Patients",1060
"All SF Acute Hospitals",2020-08-04,"Intensive Care Surge","Available",309
"All SF Acute Hospitals",2020-08-04,"Acute Care","Available",326
"All SF Acute Hospitals",2020-08-04,"Acute Care Surge","Available",524
"All SF Acute Hospitals",2020-08-04,"Intensive Care","Available",95
"All SF Acute Hospitals",2020-08-04,"Intensive Care","COVID-19 (Confirmed & Suspected)",34
"All SF Acute Hospitals",2020-08-04,"Intensive Care","Other Patients",157
"All SF Acute Hospitals",2020-08-04,"Acute Care","COVID-19 (Confirmed & Suspected)",66
"All SF Acute Hospitals",2020-08-04,"Acute Care","Other Patients",1018
"All SF Acute Hospitals",2020-08-05,"Intensive Care Surge","Available",309
"All SF Acute Hospitals",2020-08-05,"Acute Care","Available",326
"All SF Acute Hospitals",2020-08-05,"Acute Care Surge","Available",447
"All SF Acute Hospitals",2020-08-05,"Intensive Care","Available",88
"All SF Acute Hospitals",2020-08-05,"Intensive Care","COVID-19 (Confirmed & Suspected)",34
"All SF Acute Hospitals",2020-08-05,"Intensive Care","Other Patients",164
"All SF Acute Hospitals",2020-08-05,"Acute Care","COVID-19 (Confirmed & Suspected)",63
"All SF Acute Hospitals",2020-08-05,"Acute Care","Other Patients",1098
"All SF Acute Hospitals",2020-08-06,"Intensive Care Surge","Available",309
"All SF Acute Hospitals",2020-08-06,"Acute Care","Available",326
"All SF Acute Hospitals",2020-08-06,"Acute Care Surge","Available",478
"All SF Acute Hospitals",2020-08-06,"Intensive Care","Available",81
"All SF Acute Hospitals",2020-08-06,"Intensive Care","COVID-19 (Confirmed & Suspected)",32
"All SF Acute Hospitals",2020-08-06,"Intensive Care","Other Patients",173
"All SF Acute Hospitals",2020-08-06,"Acute Care","COVID-19 (Confirmed & Suspected)",61
"All SF Acute Hospitals",2020-08-06,"Acute Care","Other Patients",1069
"All SF Acute Hospitals",2020-08-07,"Intensive Care Surge","Available",309
"All SF Acute Hospitals",2020-08-07,"Acute Care","Available",326
"All SF Acute Hospitals",2020-08-07,"Acute Care Surge","Available",512
"All SF Acute Hospitals",2020-08-07,"Intensive Care","Available",83
"All SF Acute Hospitals",2020-08-07,"Intensive Care","COVID-19 (Confirmed & Suspected)",33
"All SF Acute Hospitals",2020-08-07,"Intensive Care","Other Patients",170
"All SF Acute Hospitals",2020-08-07,"Acute Care","COVID-19 (Confirmed & Suspected)",57
"All SF Acute Hospitals",2020-08-07,"Acute Care","Other Patients",1039
"All SF Acute Hospitals",2020-08-08,"Intensive Care Surge","Available",309
"All SF Acute Hospitals",2020-08-08,"Acute Care","Available",326
"All SF Acute Hospitals",2020-08-08,"Acute Care Surge","Available",535
"All SF Acute Hospitals",2020-08-08,"Intensive Care","Available",92
"All SF Acute Hospitals",2020-08-08,"Intensive Care","COVID-19 (Confirmed & Suspected)",34
"All SF Acute Hospitals",2020-08-08,"Intensive Care","Other Patients",160
"All SF Acute Hospitals",2020-08-08,"Acute Care","COVID-19 (Confirmed & Suspected)",63
"All SF Acute Hospitals",2020-08-08,"Acute Care","Other Patients",1010
"All SF Acute Hospitals",2020-08-09,"Intensive Care Surge","Available",309
"All SF Acute Hospitals",2020-08-09,"Acute Care","Available",326
"All SF Acute Hospitals",2020-08-09,"Acute Care Surge","Available",543
"All SF Acute Hospitals",2020-08-09,"Intensive Care","Available",95
"All SF Acute Hospitals",2020-08-09,"Intensive Care","COVID-19 (Confirmed & Suspected)",33
"All SF Acute Hospitals",2020-08-09,"Intensive Care","Other Patients",158
"All SF Acute Hospitals",2020-08-09,"Acute Care","COVID-19 (Confirmed & Suspected)",62
"All SF Acute Hospitals",2020-08-09,"Acute Care","Other Patients",1003
"All SF Acute Hospitals",2020-08-10,"Intensive Care Surge","Available",309
"All SF Acute Hospitals",2020-08-10,"Acute Care","Available",326
"All SF Acute Hospitals",2020-08-10,"Acute Care Surge","Available",492
"All SF Acute Hospitals",2020-08-10,"Intensive Care","Available",89
"All SF Acute Hospitals",2020-08-10,"Intensive Care","COVID-19 (Confirmed & Suspected)",37
"All SF Acute Hospitals",2020-08-10,"Intensive Care","Other Patients",160
"All SF Acute Hospitals",2020-08-10,"Acute Care","COVID-19 (Confirmed & Suspected)",71
"All SF Acute Hospitals",2020-08-10,"Acute Care","Other Patients",1045
"All SF Acute Hospitals",2020-08-11,"Intensive Care Surge","Available",309
"All SF Acute Hospitals",2020-08-11,"Acute Care","Available",326
"All SF Acute Hospitals",2020-08-11,"Acute Care Surge","Available",423
"All SF Acute Hospitals",2020-08-11,"Intensive Care","Available",82
"All SF Acute Hospitals",2020-08-11,"Intensive Care","COVID-19 (Confirmed & Suspected)",35
"All SF Acute Hospitals",2020-08-11,"Intensive Care","Other Patients",169
"All SF Acute Hospitals",2020-08-11,"Acute Care","COVID-19 (Confirmed & Suspected)",78
"All SF Acute Hospitals",2020-08-11,"Acute Care","Other Patients",1107
"All SF Acute Hospitals",2020-08-12,"Intensive Care Surge","Available",309
"All SF Acute Hospitals",2020-08-12,"Acute Care","Available",326
"All SF Acute Hospitals",2020-08-12,"Acute Care Surge","Available",430
"All SF Acute Hospitals",2020-08-12,"Intensive Care","Available",87
"All SF Acute Hospitals",2020-08-12,"Intensive Care","COVID-19 (Confirmed & Suspected)",34
"All SF Acute Hospitals",2020-08-12,"Intensive Care","Other Patients",165
"All SF Acute Hospitals",2020-08-12,"Acute Care","COVID-19 (Confirmed & Suspected)",78
"All SF Acute Hospitals",2020-08-12,"Acute Care","Other Patients",1100
"All SF Acute Hospitals",2020-08-13,"Intensive Care Surge","Available",309
"All SF Acute Hospitals",2020-08-13,"Acute Care","Available",326
"All SF Acute Hospitals",2020-08-13,"Acute Care Surge","Available",433
"All SF Acute Hospitals",2020-08-13,"Intensive Care","Available",92
"All SF Acute Hospitals",2020-08-13,"Intensive Care","COVID-19 (Confirmed & Suspected)",35
"All SF Acute Hospitals",2020-08-13,"Intensive Care","Other Patients",159
"All SF Acute Hospitals",2020-08-13,"Acute Care","COVID-19 (Confirmed & Suspected)",76
"All SF Acute Hospitals",2020-08-13,"Acute Care","Other Patients",1099
"All SF Acute Hospitals",2020-08-14,"Intensive Care Surge","Available",309
"All SF Acute Hospitals",2020-08-14,"Acute Care","Available",326
"All SF Acute Hospitals",2020-08-14,"Acute Care Surge","Available",489
"All SF Acute Hospitals",2020-08-14,"Intensive Care","Available",88
"All SF Acute Hospitals",2020-08-14,"Intensive Care","COVID-19 (Confirmed & Suspected)",43
"All SF Acute Hospitals",2020-08-14,"Intensive Care","Other Patients",155
"All SF Acute Hospitals",2020-08-14,"Acute Care","COVID-19 (Confirmed & Suspected)",68
"All SF Acute Hospitals",2020-08-14,"Acute Care","Other Patients",1051
"All SF Acute Hospitals",2020-08-15,"Intensive Care Surge","Available",309
"All SF Acute Hospitals",2020-08-15,"Acute Care","Available",326
"All SF Acute Hospitals",2020-08-15,"Acute Care Surge","Available",509
"All SF Acute Hospitals",2020-08-15,"Intensive Care","Available",103
"All SF Acute Hospitals",2020-08-15,"Intensive Care","COVID-19 (Confirmed & Suspected)",36
"All SF Acute Hospitals",2020-08-15,"Intensive Care","Other Patients",147
"All SF Acute Hospitals",2020-08-15,"Acute Care","COVID-19 (Confirmed & Suspected)",71
"All SF Acute Hospitals",2020-08-15,"Acute Care","Other Patients",1028
"All SF Acute Hospitals",2020-08-16,"Intensive Care Surge","Available",309
"All SF Acute Hospitals",2020-08-16,"Acute Care","Available",326
"All SF Acute Hospitals",2020-08-16,"Acute Care Surge","Available",506
"All SF Acute Hospitals",2020-08-16,"Intensive Care","Available",104
"All SF Acute Hospitals",2020-08-16,"Intensive Care","COVID-19 (Confirmed & Suspected)",39
"All SF Acute Hospitals",2020-08-16,"Intensive Care","Other Patients",143
"All SF Acute Hospitals",2020-08-16,"Acute Care","COVID-19 (Confirmed & Suspected)",72
"All SF Acute Hospitals",2020-08-16,"Acute Care","Other Patients",1030
"All SF Acute Hospitals",2020-08-17,"Intensive Care Surge","Available",309
"All SF Acute Hospitals",2020-08-17,"Acute Care","Available",326
"All SF Acute Hospitals",2020-08-17,"Acute Care Surge","Available",433
"All SF Acute Hospitals",2020-08-17,"Intensive Care","Available",87
"All SF Acute Hospitals",2020-08-17,"Intensive Care","COVID-19 (Confirmed & Suspected)",41
"All SF Acute Hospitals",2020-08-17,"Intensive Care","Other Patients",158
"All SF Acute Hospitals",2020-08-17,"Acute Care","COVID-19 (Confirmed & Suspected)",88
"All SF Acute Hospitals",2020-08-17,"Acute Care","Other Patients",1087
"All SF Acute Hospitals",2020-08-18,"Intensive Care Surge","Available",309
"All SF Acute Hospitals",2020-08-18,"Acute Care","Available",326
"All SF Acute Hospitals",2020-08-18,"Acute Care Surge","Available",386
"All SF Acute Hospitals",2020-08-18,"Intensive Care","Available",83
"All SF Acute Hospitals",2020-08-18,"Intensive Care","COVID-19 (Confirmed & Suspected)",41
"All SF Acute Hospitals",2020-08-18,"Intensive Care","Other Patients",162
"All SF Acute Hospitals",2020-08-18,"Acute Care","COVID-19 (Confirmed & Suspected)",87
"All SF Acute Hospitals",2020-08-18,"Acute Care","Other Patients",1135
"All SF Acute Hospitals",2020-08-19,"Intensive Care Surge","Available",309
"All SF Acute Hospitals",2020-08-19,"Acute Care","Available",326
"All SF Acute Hospitals",2020-08-19,"Acute Care Surge","Available",370
"All SF Acute Hospitals",2020-08-19,"Intensive Care","Available",95
"All SF Acute Hospitals",2020-08-19,"Intensive Care","COVID-19 (Confirmed & Suspected)",39
"All SF Acute Hospitals",2020-08-19,"Intensive Care","Other Patients",152
"All SF Acute Hospitals",2020-08-19,"Acute Care","COVID-19 (Confirmed & Suspected)",83
"All SF Acute Hospitals",2020-08-19,"Acute Care","Other Patients",1155
"All SF Acute Hospitals",2020-08-20,"Intensive Care Surge","Available",309
"All SF Acute Hospitals",2020-08-20,"Acute Care","Available",326
"All SF Acute Hospitals",2020-08-20,"Acute Care Surge","Available",376
"All SF Acute Hospitals",2020-08-20,"Intensive Care","Available",93
"All SF Acute Hospitals",2020-08-20,"Intensive Care","COVID-19 (Confirmed & Suspected)",35
"All SF Acute Hospitals",2020-08-20,"Intensive Care","Other Patients",158
"All SF Acute Hospitals",2020-08-20,"Acute Care","COVID-19 (Confirmed & Suspected)",79
"All SF Acute Hospitals",2020-08-20,"Acute Care","Other Patients",1153
"All SF Acute Hospitals",2020-08-21,"Intensive Care Surge","Available",309
"All SF Acute Hospitals",2020-08-21,"Acute Care","Available",326
"All SF Acute Hospitals",2020-08-21,"Acute Care Surge","Available",443
"All SF Acute Hospitals",2020-08-21,"Intensive Care","Available",95
"All SF Acute Hospitals",2020-08-21,"Intensive Care","COVID-19 (Confirmed & Suspected)",33
"All SF Acute Hospitals",2020-08-21,"Intensive Care","Other Patients",158
"All SF Acute Hospitals",2020-08-21,"Acute Care","COVID-19 (Confirmed & Suspected)",69
"All SF Acute Hospitals",2020-08-21,"Acute Care","Other Patients",1096
"All SF Acute Hospitals",2020-08-22,"Intensive Care Surge","Available",309
"All SF Acute Hospitals",2020-08-22,"Acute Care","Available",326
"All SF Acute Hospitals",2020-08-22,"Acute Care Surge","Available",469
"All SF Acute Hospitals",2020-08-22,"Intensive Care","Available",107
"All SF Acute Hospitals",2020-08-22,"Intensive Care","COVID-19 (Confirmed & Suspected)",37
"All SF Acute Hospitals",2020-08-22,"Intensive Care","Other Patients",142
"All SF Acute Hospitals",2020-08-22,"Acute Care","COVID-19 (Confirmed & Suspected)",64
"All SF Acute Hospitals",2020-08-22,"Acute Care","Other Patients",1075
"All SF Acute Hospitals",2020-08-23,"Intensive Care Surge","Available",309
"All SF Acute Hospitals",2020-08-23,"Acute Care","Available",326
"All SF Acute Hospitals",2020-08-23,"Acute Care Surge","Available",485
"All SF Acute Hospitals",2020-08-23,"Intensive Care","Available",112
"All SF Acute Hospitals",2020-08-23,"Intensive Care","COVID-19 (Confirmed & Suspected)",37
"All SF Acute Hospitals",2020-08-23,"Intensive Care","Other Patients",137
"All SF Acute Hospitals",2020-08-23,"Acute Care","COVID-19 (Confirmed & Suspected)",71
"All SF Acute Hospitals",2020-08-23,"Acute Care","Other Patients",1052
"All SF Acute Hospitals",2020-08-24,"Intensive Care Surge","Available",309
"All SF Acute Hospitals",2020-08-24,"Acute Care","Available",326
"All SF Acute Hospitals",2020-08-24,"Acute Care Surge","Available",407
"All SF Acute Hospitals",2020-08-24,"Intensive Care","Available",110
"All SF Acute Hospitals",2020-08-24,"Intensive Care","COVID-19 (Confirmed & Suspected)",33
"All SF Acute Hospitals",2020-08-24,"Intensive Care","Other Patients",143
"All SF Acute Hospitals",2020-08-24,"Acute Care","COVID-19 (Confirmed & Suspected)",65
"All SF Acute Hospitals",2020-08-24,"Acute Care","Other Patients",1136
"All SF Acute Hospitals",2020-08-25,"Intensive Care Surge","Available",309
"All SF Acute Hospitals",2020-08-25,"Acute Care","Available",326
"All SF Acute Hospitals",2020-08-25,"Acute Care Surge","Available",398
"All SF Acute Hospitals",2020-08-25,"Intensive Care","Available",91
"All SF Acute Hospitals",2020-08-25,"Intensive Care","COVID-19 (Confirmed & Suspected)",38
"All SF Acute Hospitals",2020-08-25,"Intensive Care","Other Patients",157
"All SF Acute Hospitals",2020-08-25,"Acute Care","COVID-19 (Confirmed & Suspected)",54
"All SF Acute Hospitals",2020-08-25,"Acute Care","Other Patients",1156
"All SF Acute Hospitals",2020-08-26,"Intensive Care Surge","Available",309
"All SF Acute Hospitals",2020-08-26,"Acute Care","Available",326
"All SF Acute Hospitals",2020-08-26,"Acute Care Surge","Available",395
"All SF Acute Hospitals",2020-08-26,"Intensive Care","Available",82
"All SF Acute Hospitals",2020-08-26,"Intensive Care","COVID-19 (Confirmed & Suspected)",33
"All SF Acute Hospitals",2020-08-26,"Intensive Care","Other Patients",171
"All SF Acute Hospitals",2020-08-26,"Acute Care","COVID-19 (Confirmed & Suspected)",53
"All SF Acute Hospitals",2020-08-26,"Acute Care","Other Patients",1160
"All SF Acute Hospitals",2020-08-27,"Intensive Care Surge","Available",309
"All SF Acute Hospitals",2020-08-27,"Acute Care","Available",326
"All SF Acute Hospitals",2020-08-27,"Acute Care Surge","Available",368
"All SF Acute Hospitals",2020-08-27,"Intensive Care","Available",94
"All SF Acute Hospitals",2020-08-27,"Intensive Care","COVID-19 (Confirmed & Suspected)",27
"All SF Acute Hospitals",2020-08-27,"Intensive Care","Other Patients",165
"All SF Acute Hospitals",2020-08-27,"Acute Care","COVID-19 (Confirmed & Suspected)",60
"All SF Acute Hospitals",2020-08-27,"Acute Care","Other Patients",1180
"All SF Acute Hospitals",2020-08-28,"Intensive Care Surge","Available",309
"All SF Acute Hospitals",2020-08-28,"Acute Care","Available",326
"All SF Acute Hospitals",2020-08-28,"Acute Care Surge","Available",456
"All SF Acute Hospitals",2020-08-28,"Intensive Care","Available",90
"All SF Acute Hospitals",2020-08-28,"Intensive Care","COVID-19 (Confirmed & Suspected)",26
"All SF Acute Hospitals",2020-08-28,"Intensive Care","Other Patients",170
"All SF Acute Hospitals",2020-08-28,"Acute Care","COVID-19 (Confirmed & Suspected)",55
"All SF Acute Hospitals",2020-08-28,"Acute Care","Other Patients",1097
"All SF Acute Hospitals",2020-08-29,"Intensive Care Surge","Available",309
"All SF Acute Hospitals",2020-08-29,"Acute Care","Available",326
"All SF Acute Hospitals",2020-08-29,"Acute Care Surge","Available",501
"All SF Acute Hospitals",2020-08-29,"Intensive Care","Available",118
"All SF Acute Hospitals",2020-08-29,"Intensive Care","COVID-19 (Confirmed & Suspected)",28
"All SF Acute Hospitals",2020-08-29,"Intensive Care","Other Patients",140
"All SF Acute Hospitals",2020-08-29,"Acute Care","COVID-19 (Confirmed & Suspected)",48
"All SF Acute Hospitals",2020-08-29,"Acute Care","Other Patients",1059
"All SF Acute Hospitals",2020-08-30,"Intensive Care Surge","Available",309
"All SF Acute Hospitals",2020-08-30,"Acute Care","Available",326
"All SF Acute Hospitals",2020-08-30,"Acute Care Surge","Available",524
"All SF Acute Hospitals",2020-08-30,"Intensive Care","Available",124
"All SF Acute Hospitals",2020-08-30,"Intensive Care","COVID-19 (Confirmed & Suspected)",26
"All SF Acute Hospitals",2020-08-30,"Intensive Care","Other Patients",136
"All SF Acute Hospitals",2020-08-30,"Acute Care","COVID-19 (Confirmed & Suspected)",56
"All SF Acute Hospitals",2020-08-30,"Acute Care","Other Patients",1028
"All SF Acute Hospitals",2020-08-31,"Intensive Care Surge","Available",309
"All SF Acute Hospitals",2020-08-31,"Acute Care","Available",326
"All SF Acute Hospitals",2020-08-31,"Acute Care Surge","Available",455
"All SF Acute Hospitals",2020-08-31,"Intensive Care","Available",114
"All SF Acute Hospitals",2020-08-31,"Intensive Care","COVID-19 (Confirmed & Suspected)",24
"All SF Acute Hospitals",2020-08-31,"Intensive Care","Other Patients",148
"All SF Acute Hospitals",2020-08-31,"Acute Care","COVID-19 (Confirmed & Suspected)",63
"All SF Acute Hospitals",2020-08-31,"Acute Care","Other Patients",1090
"All SF Acute Hospitals",2020-09-01,"Intensive Care Surge","Available",309
"All SF Acute Hospitals",2020-09-01,"Acute Care","Available",326
"All SF Acute Hospitals",2020-09-01,"Acute Care Surge","Available",442
"All SF Acute Hospitals",2020-09-01,"Intensive Care","Available",104
"All SF Acute Hospitals",2020-09-01,"Intensive Care","COVID-19 (Confirmed & Suspected)",21
"All SF Acute Hospitals",2020-09-01,"Intensive Care","Other Patients",161
"All SF Acute Hospitals",2020-09-01,"Acute Care","COVID-19 (Confirmed & Suspected)",55
"All SF Acute Hospitals",2020-09-01,"Acute Care","Other Patients",1111
"All SF Acute Hospitals",2020-06-17,"Intensive Care Surge","Available",268
"All SF Acute Hospitals",2020-06-17,"Acute Care","Available",390
"All SF Acute Hospitals",2020-06-17,"Acute Care Surge","Available",450
"All SF Acute Hospitals",2020-06-17,"Intensive Care","Available",138
"All SF Acute Hospitals",2020-06-17,"Intensive Care","COVID-19 (Confirmed & Suspected)",10
"All SF Acute Hospitals",2020-06-17,"Intensive Care","Other Patients",175
"All SF Acute Hospitals",2020-06-17,"Acute Care","COVID-19 (Confirmed & Suspected)",39
"All SF Acute Hospitals",2020-06-17,"Acute Care","Other Patients",798
"All SF Acute Hospitals",2020-06-18,"Intensive Care Surge","Available",268
"All SF Acute Hospitals",2020-06-18,"Acute Care","Available",390
"All SF Acute Hospitals",2020-06-18,"Acute Care Surge","Available",465
"All SF Acute Hospitals",2020-06-18,"Intensive Care","Available",141
"All SF Acute Hospitals",2020-06-18,"Intensive Care","COVID-19 (Confirmed & Suspected)",12
"All SF Acute Hospitals",2020-06-18,"Intensive Care","Other Patients",170
"All SF Acute Hospitals",2020-06-18,"Acute Care","COVID-19 (Confirmed & Suspected)",29
"All SF Acute Hospitals",2020-06-18,"Acute Care","Other Patients",793
"All SF Acute Hospitals",2020-06-19,"Intensive Care Surge","Available",268
"All SF Acute Hospitals",2020-06-19,"Acute Care","Available",390
"All SF Acute Hospitals",2020-06-19,"Acute Care Surge","Available",485
"All SF Acute Hospitals",2020-06-19,"Intensive Care","Available",126
"All SF Acute Hospitals",2020-06-19,"Intensive Care","COVID-19 (Confirmed & Suspected)",15
"All SF Acute Hospitals",2020-06-19,"Intensive Care","Other Patients",182
"All SF Acute Hospitals",2020-06-19,"Acute Care","COVID-19 (Confirmed & Suspected)",36
"All SF Acute Hospitals",2020-06-19,"Acute Care","Other Patients",766
"All SF Acute Hospitals",2020-06-20,"Intensive Care Surge","Available",268
"All SF Acute Hospitals",2020-06-20,"Acute Care","Available",390
"All SF Acute Hospitals",2020-06-20,"Acute Care Surge","Available",513
"All SF Acute Hospitals",2020-06-20,"Intensive Care","Available",131
"All SF Acute Hospitals",2020-06-20,"Intensive Care","COVID-19 (Confirmed & Suspected)",12
"All SF Acute Hospitals",2020-06-20,"Intensive Care","Other Patients",180
"All SF Acute Hospitals",2020-06-20,"Acute Care","COVID-19 (Confirmed & Suspected)",32
"All SF Acute Hospitals",2020-06-20,"Acute Care","Other Patients",742
"All SF Acute Hospitals",2020-06-21,"Intensive Care Surge","Available",268
"All SF Acute Hospitals",2020-06-21,"Acute Care","Available",390
"All SF Acute Hospitals",2020-06-21,"Acute Care Surge","Available",525
"All SF Acute Hospitals",2020-06-21,"Intensive Care","Available",139
"All SF Acute Hospitals",2020-06-21,"Intensive Care","COVID-19 (Confirmed & Suspected)",15
"All SF Acute Hospitals",2020-06-21,"Intensive Care","Other Patients",169
"All SF Acute Hospitals",2020-06-21,"Acute Care","COVID-19 (Confirmed & Suspected)",34
"All SF Acute Hospitals",2020-06-21,"Acute Care","Other Patients",728
"All SF Acute Hospitals",2020-06-22,"Intensive Care Surge","Available",268
"All SF Acute Hospitals",2020-06-22,"Acute Care","Available",390
"All SF Acute Hospitals",2020-06-22,"Acute Care Surge","Available",474
"All SF Acute Hospitals",2020-06-22,"Intensive Care","Available",134
"All SF Acute Hospitals",2020-06-22,"Intensive Care","COVID-19 (Confirmed & Suspected)",18
"All SF Acute Hospitals",2020-06-22,"Intensive Care","Other Patients",171
"All SF Acute Hospitals",2020-06-22,"Acute Care","COVID-19 (Confirmed & Suspected)",33
"All SF Acute Hospitals",2020-06-22,"Acute Care","Other Patients",780
"All SF Acute Hospitals",2020-06-23,"Intensive Care Surge","Available",268
"All SF Acute Hospitals",2020-06-23,"Acute Care","Available",390
"All SF Acute Hospitals",2020-06-23,"Acute Care Surge","Available",445
"All SF Acute Hospitals",2020-06-23,"Intensive Care","Available",93
"All SF Acute Hospitals",2020-06-23,"Intensive Care","COVID-19 (Confirmed & Suspected)",20
"All SF Acute Hospitals",2020-06-23,"Intensive Care","Other Patients",210
"All SF Acute Hospitals",2020-06-23,"Acute Care","COVID-19 (Confirmed & Suspected)",37
"All SF Acute Hospitals",2020-06-23,"Acute Care","Other Patients",805
"All SF Acute Hospitals",2020-06-24,"Intensive Care Surge","Available",268
"All SF Acute Hospitals",2020-06-24,"Acute Care","Available",390
"All SF Acute Hospitals",2020-06-24,"Acute Care Surge","Available",397
"All SF Acute Hospitals",2020-06-24,"Intensive Care","Available",78
"All SF Acute Hospitals",2020-06-24,"Intensive Care","COVID-19 (Confirmed & Suspected)",21
"All SF Acute Hospitals",2020-06-24,"Intensive Care","Other Patients",224
"All SF Acute Hospitals",2020-06-24,"Acute Care","COVID-19 (Confirmed & Suspected)",36
"All SF Acute Hospitals",2020-06-24,"Acute Care","Other Patients",854
"All SF Acute Hospitals",2020-06-25,"Intensive Care Surge","Available",268
"All SF Acute Hospitals",2020-06-25,"Acute Care","Available",390
"All SF Acute Hospitals",2020-06-25,"Acute Care Surge","Available",413
"All SF Acute Hospitals",2020-06-25,"Intensive Care","Available",72
"All SF Acute Hospitals",2020-06-25,"Intensive Care","COVID-19 (Confirmed & Suspected)",24
"All SF Acute Hospitals",2020-06-25,"Intensive Care","Other Patients",227
"All SF Acute Hospitals",2020-06-25,"Acute Care","COVID-19 (Confirmed & Suspected)",46
"All SF Acute Hospitals",2020-06-25,"Acute Care","Other Patients",828
"All SF Acute Hospitals",2020-06-26,"Intensive Care Surge","Available",268
"All SF Acute Hospitals",2020-06-26,"Acute Care","Available",390
"All SF Acute Hospitals",2020-06-26,"Acute Care Surge","Available",443
"All SF Acute Hospitals",2020-06-26,"Intensive Care","Available",72
"All SF Acute Hospitals",2020-06-26,"Intensive Care","COVID-19 (Confirmed & Suspected)",24
"All SF Acute Hospitals",2020-06-26,"Intensive Care","Other Patients",227
"All SF Acute Hospitals",2020-06-26,"Acute Care","COVID-19 (Confirmed & Suspected)",41
"All SF Acute Hospitals",2020-06-26,"Acute Care","Other Patients",803
"All SF Acute Hospitals",2020-06-27,"Intensive Care Surge","Available",268
"All SF Acute Hospitals",2020-06-27,"Acute Care","Available",390
"All SF Acute Hospitals",2020-06-27,"Acute Care Surge","Available",457
"All SF Acute Hospitals",2020-06-27,"Intensive Care","Available",89
"All SF Acute Hospitals",2020-06-27,"Intensive Care","COVID-19 (Confirmed & Suspected)",27
"All SF Acute Hospitals",2020-06-27,"Intensive Care","Other Patients",207
"All SF Acute Hospitals",2020-06-27,"Acute Care","COVID-19 (Confirmed & Suspected)",44
"All SF Acute Hospitals",2020-06-27,"Acute Care","Other Patients",786
"All SF Acute Hospitals",2020-06-28,"Intensive Care Surge","Available",268
"All SF Acute Hospitals",2020-06-28,"Acute Care","Available",390
"All SF Acute Hospitals",2020-06-28,"Acute Care Surge","Available",458
"All SF Acute Hospitals",2020-06-28,"Intensive Care","Available",94
"All SF Acute Hospitals",2020-06-28,"Intensive Care","COVID-19 (Confirmed & Suspected)",27
"All SF Acute Hospitals",2020-06-28,"Intensive Care","Other Patients",202
"All SF Acute Hospitals",2020-06-28,"Acute Care","COVID-19 (Confirmed & Suspected)",53
"All SF Acute Hospitals",2020-06-28,"Acute Care","Other Patients",776
"All SF Acute Hospitals",2020-06-29,"Intensive Care Surge","Available",268
"All SF Acute Hospitals",2020-06-29,"Acute Care","Available",390
"All SF Acute Hospitals",2020-06-29,"Acute Care Surge","Available",415
"All SF Acute Hospitals",2020-06-29,"Intensive Care","Available",96
"All SF Acute Hospitals",2020-06-29,"Intensive Care","COVID-19 (Confirmed & Suspected)",31
"All SF Acute Hospitals",2020-06-29,"Intensive Care","Other Patients",196
"All SF Acute Hospitals",2020-06-29,"Acute Care","COVID-19 (Confirmed & Suspected)",47
"All SF Acute Hospitals",2020-06-29,"Acute Care","Other Patients",825
"All SF Acute Hospitals",2020-06-30,"Intensive Care Surge","Available",268
"All SF Acute Hospitals",2020-06-30,"Acute Care","Available",390
"All SF Acute Hospitals",2020-06-30,"Acute Care Surge","Available",385
"All SF Acute Hospitals",2020-06-30,"Intensive Care","Available",95
"All SF Acute Hospitals",2020-06-30,"Intensive Care","COVID-19 (Confirmed & Suspected)",33
"All SF Acute Hospitals",2020-06-30,"Intensive Care","Other Patients",195
"All SF Acute Hospitals",2020-06-30,"Acute Care","COVID-19 (Confirmed & Suspected)",46
"All SF Acute Hospitals",2020-06-30,"Acute Care","Other Patients",856
"All SF Acute Hospitals",2020-07-01,"Intensive Care Surge","Available",268
"All SF Acute Hospitals",2020-07-01,"Acute Care","Available",390
"All SF Acute Hospitals",2020-07-01,"Acute Care Surge","Available",401
"All SF Acute Hospitals",2020-07-01,"Intensive Care","Available",92
"All SF Acute Hospitals",2020-07-01,"Intensive Care","COVID-19 (Confirmed & Suspected)",30
"All SF Acute Hospitals",2020-07-01,"Intensive Care","Other Patients",201
"All SF Acute Hospitals",2020-07-01,"Acute Care","COVID-19 (Confirmed & Suspected)",40
"All SF Acute Hospitals",2020-07-01,"Acute Care","Other Patients",846
"All SF Acute Hospitals",2020-07-02,"Intensive Care Surge","Available",268
"All SF Acute Hospitals",2020-07-02,"Acute Care","Available",390
"All SF Acute Hospitals",2020-07-02,"Acute Care Surge","Available",427
"All SF Acute Hospitals",2020-07-02,"Intensive Care","Available",98
"All SF Acute Hospitals",2020-07-02,"Intensive Care","COVID-19 (Confirmed & Suspected)",28
"All SF Acute Hospitals",2020-07-02,"Intensive Care","Other Patients",197
"All SF Acute Hospitals",2020-07-02,"Acute Care","COVID-19 (Confirmed & Suspected)",50
"All SF Acute Hospitals",2020-07-02,"Acute Care","Other Patients",810
"All SF Acute Hospitals",2020-07-03,"Intensive Care Surge","Available",268
"All SF Acute Hospitals",2020-07-03,"Acute Care","Available",390
"All SF Acute Hospitals",2020-07-03,"Acute Care Surge","Available",486
"All SF Acute Hospitals",2020-07-03,"Intensive Care","Available",89
"All SF Acute Hospitals",2020-07-03,"Intensive Care","COVID-19 (Confirmed & Suspected)",29
"All SF Acute Hospitals",2020-07-03,"Intensive Care","Other Patients",205
"All SF Acute Hospitals",2020-07-03,"Acute Care","COVID-19 (Confirmed & Suspected)",53
"All SF Acute Hospitals",2020-07-03,"Acute Care","Other Patients",748
"All SF Acute Hospitals",2020-07-04,"Intensive Care Surge","Available",268
"All SF Acute Hospitals",2020-07-04,"Acute Care","Available",390
"All SF Acute Hospitals",2020-07-04,"Acute Care Surge","Available",494
"All SF Acute Hospitals",2020-07-04,"Intensive Care","Available",103
"All SF Acute Hospitals",2020-07-04,"Intensive Care","COVID-19 (Confirmed & Suspected)",26
"All SF Acute Hospitals",2020-07-04,"Intensive Care","Other Patients",194
"All SF Acute Hospitals",2020-07-04,"Acute Care","COVID-19 (Confirmed & Suspected)",47
"All SF Acute Hospitals",2020-07-04,"Acute Care","Other Patients",746
"All SF Acute Hospitals",2020-07-05,"Intensive Care Surge","Available",268
"All SF Acute Hospitals",2020-07-05,"Acute Care","Available",390
"All SF Acute Hospitals",2020-07-05,"Acute Care Surge","Available",463
"All SF Acute Hospitals",2020-07-05,"Intensive Care","Available",98
"All SF Acute Hospitals",2020-07-05,"Intensive Care","COVID-19 (Confirmed & Suspected)",28
"All SF Acute Hospitals",2020-07-05,"Intensive Care","Other Patients",197
"All SF Acute Hospitals",2020-07-05,"Acute Care","COVID-19 (Confirmed & Suspected)",47
"All SF Acute Hospitals",2020-07-05,"Acute Care","Other Patients",777
"All SF Acute Hospitals",2020-07-06,"Intensive Care Surge","Available",268
"All SF Acute Hospitals",2020-07-06,"Acute Care","Available",390
"All SF Acute Hospitals",2020-07-06,"Acute Care Surge","Available",402
"All SF Acute Hospitals",2020-07-06,"Intensive Care","Available",96
"All SF Acute Hospitals",2020-07-06,"Intensive Care","COVID-19 (Confirmed & Suspected)",24
"All SF Acute Hospitals",2020-07-06,"Intensive Care","Other Patients",203
"All SF Acute Hospitals",2020-07-06,"Acute Care","COVID-19 (Confirmed & Suspected)",62
"All SF Acute Hospitals",2020-07-06,"Acute Care","Other Patients",823
"All SF Acute Hospitals",2020-07-07,"Intensive Care Surge","Available",268
"All SF Acute Hospitals",2020-07-07,"Acute Care","Available",390
"All SF Acute Hospitals",2020-07-07,"Acute Care Surge","Available",383
"All SF Acute Hospitals",2020-07-07,"Intensive Care","Available",80
"All SF Acute Hospitals",2020-07-07,"Intensive Care","COVID-19 (Confirmed & Suspected)",28
"All SF Acute Hospitals",2020-07-07,"Intensive Care","Other Patients",215
"All SF Acute Hospitals",2020-07-07,"Acute Care","COVID-19 (Confirmed & Suspected)",63
"All SF Acute Hospitals",2020-07-07,"Acute Care","Other Patients",841
"All SF Acute Hospitals",2020-07-08,"Intensive Care Surge","Available",268
"All SF Acute Hospitals",2020-07-08,"Acute Care","Available",390
"All SF Acute Hospitals",2020-07-08,"Acute Care Surge","Available",354
"All SF Acute Hospitals",2020-07-08,"Intensive Care","Available",79
"All SF Acute Hospitals",2020-07-08,"Intensive Care","COVID-19 (Confirmed & Suspected)",31
"All SF Acute Hospitals",2020-07-08,"Intensive Care","Other Patients",213
"All SF Acute Hospitals",2020-07-08,"Acute Care","COVID-19 (Confirmed & Suspected)",54
"All SF Acute Hospitals",2020-07-08,"Acute Care","Other Patients",879
"All SF Acute Hospitals",2020-07-09,"Intensive Care Surge","Available",268
"All SF Acute Hospitals",2020-07-09,"Acute Care","Available",390
"All SF Acute Hospitals",2020-07-09,"Acute Care Surge","Available",260
"All SF Acute Hospitals",2020-07-09,"Intensive Care","Available",81
"All SF Acute Hospitals",2020-07-09,"Intensive Care","COVID-19 (Confirmed & Suspected)",33
"All SF Acute Hospitals",2020-07-09,"Intensive Care","Other Patients",209
"All SF Acute Hospitals",2020-07-09,"Acute Care","COVID-19 (Confirmed & Suspected)",58
"All SF Acute Hospitals",2020-07-09,"Acute Care","Other Patients",969
"All SF Acute Hospitals",2020-07-10,"Intensive Care Surge","Available",268
"All SF Acute Hospitals",2020-07-10,"Acute Care","Available",390
"All SF Acute Hospitals",2020-07-10,"Acute Care Surge","Available",333
"All SF Acute Hospitals",2020-07-10,"Intensive Care","Available",87
"All SF Acute Hospitals",2020-07-10,"Intensive Care","COVID-19 (Confirmed & Suspected)",37
"All SF Acute Hospitals",2020-07-10,"Intensive Care","Other Patients",199
"All SF Acute Hospitals",2020-07-10,"Acute Care","COVID-19 (Confirmed & Suspected)",49
"All SF Acute Hospitals",2020-07-10,"Acute Care","Other Patients",905
"All SF Acute Hospitals",2020-07-11,"Intensive Care Surge","Available",268
"All SF Acute Hospitals",2020-07-11,"Acute Care","Available",390
"All SF Acute Hospitals",2020-07-11,"Acute Care Surge","Available",372
"All SF Acute Hospitals",2020-07-11,"Intensive Care","Available",90
"All SF Acute Hospitals",2020-07-11,"Intensive Care","COVID-19 (Confirmed & Suspected)",37
"All SF Acute Hospitals",2020-07-11,"Intensive Care","Other Patients",196
"All SF Acute Hospitals",2020-07-11,"Acute Care","COVID-19 (Confirmed & Suspected)",50
"All SF Acute Hospitals",2020-07-11,"Acute Care","Other Patients",865
"All SF Acute Hospitals",2020-07-12,"Intensive Care Surge","Available",268
"All SF Acute Hospitals",2020-07-12,"Acute Care","Available",390
"All SF Acute Hospitals",2020-07-12,"Acute Care Surge","Available",371
"All SF Acute Hospitals",2020-07-12,"Intensive Care","Available",105
"All SF Acute Hospitals",2020-07-12,"Intensive Care","COVID-19 (Confirmed & Suspected)",35
"All SF Acute Hospitals",2020-07-12,"Intensive Care","Other Patients",183
"All SF Acute Hospitals",2020-07-12,"Acute Care","COVID-19 (Confirmed & Suspected)",60
"All SF Acute Hospitals",2020-07-12,"Acute Care","Other Patients",856
"All SF Acute Hospitals",2020-07-13,"Intensive Care Surge","Available",268
"All SF Acute Hospitals",2020-07-13,"Acute Care","Available",390
"All SF Acute Hospitals",2020-07-13,"Acute Care Surge","Available",297
"All SF Acute Hospitals",2020-07-13,"Intensive Care","Available",100
"All SF Acute Hospitals",2020-07-13,"Intensive Care","COVID-19 (Confirmed & Suspected)",30
"All SF Acute Hospitals",2020-07-13,"Intensive Care","Other Patients",193
"All SF Acute Hospitals",2020-07-13,"Acute Care","COVID-19 (Confirmed & Suspected)",61
"All SF Acute Hospitals",2020-07-13,"Acute Care","Other Patients",929
"All SF Acute Hospitals",2020-07-14,"Intensive Care Surge","Available",268
"All SF Acute Hospitals",2020-07-14,"Acute Care","Available",390
"All SF Acute Hospitals",2020-07-14,"Acute Care Surge","Available",294
"All SF Acute Hospitals",2020-07-14,"Intensive Care","Available",91
"All SF Acute Hospitals",2020-07-14,"Intensive Care","COVID-19 (Confirmed & Suspected)",32
"All SF Acute Hospitals",2020-07-14,"Intensive Care","Other Patients",200
"All SF Acute Hospitals",2020-07-14,"Acute Care","COVID-19 (Confirmed & Suspected)",67
"All SF Acute Hospitals",2020-07-14,"Acute Care","Other Patients",926
"All SF Acute Hospitals",2020-07-15,"Intensive Care Surge","Available",268
"All SF Acute Hospitals",2020-07-15,"Acute Care","Available",390
"All SF Acute Hospitals",2020-07-15,"Acute Care Surge","Available",292
"All SF Acute Hospitals",2020-07-15,"Intensive Care","Available",95
"All SF Acute Hospitals",2020-07-15,"Intensive Care","COVID-19 (Confirmed & Suspected)",27
"All SF Acute Hospitals",2020-07-15,"Intensive Care","Other Patients",201
"All SF Acute Hospitals",2020-07-15,"Acute Care","COVID-19 (Confirmed & Suspected)",67
"All SF Acute Hospitals",2020-07-15,"Acute Care","Other Patients",928
"All SF Acute Hospitals",2020-07-16,"Intensive Care Surge","Available",268
"All SF Acute Hospitals",2020-07-16,"Acute Care","Available",390
"All SF Acute Hospitals",2020-07-16,"Acute Care Surge","Available",238
"All SF Acute Hospitals",2020-07-16,"Intensive Care","Available",85
"All SF Acute Hospitals",2020-07-16,"Intensive Care","COVID-19 (Confirmed & Suspected)",26
"All SF Acute Hospitals",2020-07-16,"Intensive Care","Other Patients",212
"All SF Acute Hospitals",2020-07-16,"Acute Care","COVID-19 (Confirmed & Suspected)",72
"All SF Acute Hospitals",2020-07-16,"Acute Care","Other Patients",977
"All SF Acute Hospitals",2020-07-17,"Intensive Care Surge","Available",268
"All SF Acute Hospitals",2020-07-17,"Acute Care","Available",390
"All SF Acute Hospitals",2020-07-17,"Acute Care Surge","Available",272
"All SF Acute Hospitals",2020-07-17,"Intensive Care","Available",77
"All SF Acute Hospitals",2020-07-17,"Intensive Care","COVID-19 (Confirmed & Suspected)",33
"All SF Acute Hospitals",2020-07-17,"Intensive Care","Other Patients",213
"All SF Acute Hospitals",2020-07-17,"Acute Care","COVID-19 (Confirmed & Suspected)",66
"All SF Acute Hospitals",2020-07-17,"Acute Care","Other Patients",949
"All SF Acute Hospitals",2020-07-18,"Intensive Care Surge","Available",268
"All SF Acute Hospitals",2020-07-18,"Acute Care","Available",390
"All SF Acute Hospitals",2020-07-18,"Acute Care Surge","Available",319
"All SF Acute Hospitals",2020-07-18,"Intensive Care","Available",85
"All SF Acute Hospitals",2020-07-18,"Intensive Care","COVID-19 (Confirmed & Suspected)",34
"All SF Acute Hospitals",2020-07-18,"Intensive Care","Other Patients",204
"All SF Acute Hospitals",2020-07-18,"Acute Care","COVID-19 (Confirmed & Suspected)",64
"All SF Acute Hospitals",2020-07-18,"Acute Care","Other Patients",904
"All SF Acute Hospitals",2020-07-19,"Intensive Care Surge","Available",268
"All SF Acute Hospitals",2020-07-19,"Acute Care","Available",390
"All SF Acute Hospitals",2020-07-19,"Acute Care Surge","Available",308
"All SF Acute Hospitals",2020-07-19,"Intensive Care","Available",83
"All SF Acute Hospitals",2020-07-19,"Intensive Care","COVID-19 (Confirmed & Suspected)",31
"All SF Acute Hospitals",2020-07-19,"Intensive Care","Other Patients",209
"All SF Acute Hospitals",2020-07-19,"Acute Care","COVID-19 (Confirmed & Suspected)",73
"All SF Acute Hospitals",2020-07-19,"Acute Care","Other Patients",906
"All SF Acute Hospitals",2020-07-20,"Intensive Care Surge","Available",268
"All SF Acute Hospitals",2020-07-20,"Acute Care","Available",390
"All SF Acute Hospitals",2020-07-20,"Acute Care Surge","Available",260
"All SF Acute Hospitals",2020-07-20,"Intensive Care","Available",93
"All SF Acute Hospitals",2020-07-20,"Intensive Care","COVID-19 (Confirmed & Suspected)",30
"All SF Acute Hospitals",2020-07-20,"Intensive Care","Other Patients",200
"All SF Acute Hospitals",2020-07-20,"Acute Care","COVID-19 (Confirmed & Suspected)",73
"All SF Acute Hospitals",2020-07-20,"Acute Care","Other Patients",954
"All SF Acute Hospitals",2020-07-21,"Intensive Care Surge","Available",268
"All SF Acute Hospitals",2020-07-21,"Acute Care","Available",390
"All SF Acute Hospitals",2020-07-21,"Acute Care Surge","Available",278
"All SF Acute Hospitals",2020-07-21,"Intensive Care","Available",103
"All SF Acute Hospitals",2020-07-21,"Intensive Care","COVID-19 (Confirmed & Suspected)",34
"All SF Acute Hospitals",2020-07-21,"Intensive Care","Other Patients",186
"All SF Acute Hospitals",2020-07-21,"Acute Care","COVID-19 (Confirmed & Suspected)",72
"All SF Acute Hospitals",2020-07-21,"Acute Care","Other Patients",937
"All SF Acute Hospitals",2020-04-01,"Intensive Care Surge","Available",312
"All SF Acute Hospitals",2020-04-01,"Acute Care","Available",375
"All SF Acute Hospitals",2020-04-01,"Acute Care Surge","Available",846
"All SF Acute Hospitals",2020-04-01,"Intensive Care","Available",125
"All SF Acute Hospitals",2020-04-01,"Intensive Care","COVID-19 (Confirmed & Suspected)",50
"All SF Acute Hospitals",2020-04-01,"Intensive Care","Other Patients",104
"All SF Acute Hospitals",2020-04-01,"Acute Care","COVID-19 (Confirmed & Suspected)",62
"All SF Acute Hospitals",2020-04-01,"Acute Care","Other Patients",394
"All SF Acute Hospitals",2020-04-02,"Intensive Care Surge","Available",312
"All SF Acute Hospitals",2020-04-02,"Acute Care","Available",375
"All SF Acute Hospitals",2020-04-02,"Acute Care Surge","Available",937
"All SF Acute Hospitals",2020-04-02,"Intensive Care","Available",129
"All SF Acute Hospitals",2020-04-02,"Intensive Care","COVID-19 (Confirmed & Suspected)",43
"All SF Acute Hospitals",2020-04-02,"Intensive Care","Other Patients",107
"All SF Acute Hospitals",2020-04-02,"Acute Care","COVID-19 (Confirmed & Suspected)",65
"All SF Acute Hospitals",2020-04-02,"Acute Care","Other Patients",300
"All SF Acute Hospitals",2020-04-03,"Intensive Care Surge","Available",312
"All SF Acute Hospitals",2020-04-03,"Acute Care","Available",375
"All SF Acute Hospitals",2020-04-03,"Acute Care Surge","Available",918
"All SF Acute Hospitals",2020-04-03,"Intensive Care","Available",147
"All SF Acute Hospitals",2020-04-03,"Intensive Care","COVID-19 (Confirmed & Suspected)",41
"All SF Acute Hospitals",2020-04-03,"Intensive Care","Other Patients",91
"All SF Acute Hospitals",2020-04-03,"Acute Care","COVID-19 (Confirmed & Suspected)",47
"All SF Acute Hospitals",2020-04-03,"Acute Care","Other Patients",337
"All SF Acute Hospitals",2020-04-04,"Intensive Care Surge","Available",312
"All SF Acute Hospitals",2020-04-04,"Acute Care","Available",375
"All SF Acute Hospitals",2020-04-04,"Acute Care Surge","Available",910
"All SF Acute Hospitals",2020-04-04,"Intensive Care","Available",146
"All SF Acute Hospitals",2020-04-04,"Intensive Care","COVID-19 (Confirmed & Suspected)",51
"All SF Acute Hospitals",2020-04-04,"Intensive Care","Other Patients",82
"All SF Acute Hospitals",2020-04-04,"Acute Care","COVID-19 (Confirmed & Suspected)",60
"All SF Acute Hospitals",2020-04-04,"Acute Care","Other Patients",332
"All SF Acute Hospitals",2020-04-05,"Intensive Care Surge","Available",312
"All SF Acute Hospitals",2020-04-05,"Acute Care","Available",375
"All SF Acute Hospitals",2020-04-05,"Acute Care Surge","Available",905
"All SF Acute Hospitals",2020-04-05,"Intensive Care","Available",136
"All SF Acute Hospitals",2020-04-05,"Intensive Care","COVID-19 (Confirmed & Suspected)",44
"All SF Acute Hospitals",2020-04-05,"Intensive Care","Other Patients",99
"All SF Acute Hospitals",2020-04-05,"Acute Care","COVID-19 (Confirmed & Suspected)",73
"All SF Acute Hospitals",2020-04-05,"Acute Care","Other Patients",324
"All SF Acute Hospitals",2020-04-06,"Intensive Care Surge","Available",312
"All SF Acute Hospitals",2020-04-06,"Acute Care","Available",375
"All SF Acute Hospitals",2020-04-06,"Acute Care Surge","Available",900
"All SF Acute Hospitals",2020-04-06,"Intensive Care","Available",114
"All SF Acute Hospitals",2020-04-06,"Intensive Care","COVID-19 (Confirmed & Suspected)",45
"All SF Acute Hospitals",2020-04-06,"Intensive Care","Other Patients",120
"All SF Acute Hospitals",2020-04-06,"Acute Care","COVID-19 (Confirmed & Suspected)",71
"All SF Acute Hospitals",2020-04-06,"Acute Care","Other Patients",331
"All SF Acute Hospitals",2020-04-07,"Intensive Care Surge","Available",312
"All SF Acute Hospitals",2020-04-07,"Acute Care","Available",375
"All SF Acute Hospitals",2020-04-07,"Acute Care Surge","Available",905
"All SF Acute Hospitals",2020-04-07,"Intensive Care","Available",121
"All SF Acute Hospitals",2020-04-07,"Intensive Care","COVID-19 (Confirmed & Suspected)",45
"All SF Acute Hospitals",2020-04-07,"Intensive Care","Other Patients",113
"All SF Acute Hospitals",2020-04-07,"Acute Care","COVID-19 (Confirmed & Suspected)",71
"All SF Acute Hospitals",2020-04-07,"Acute Care","Other Patients",326
"All SF Acute Hospitals",2020-04-08,"Intensive Care Surge","Available",312
"All SF Acute Hospitals",2020-04-08,"Acute Care","Available",375
"All SF Acute Hospitals",2020-04-08,"Acute Care Surge","Available",921
"All SF Acute Hospitals",2020-04-08,"Intensive Care","Available",118
"All SF Acute Hospitals",2020-04-08,"Intensive Care","COVID-19 (Confirmed & Suspected)",47
"All SF Acute Hospitals",2020-04-08,"Intensive Care","Other Patients",114
"All SF Acute Hospitals",2020-04-08,"Acute Care","COVID-19 (Confirmed & Suspected)",72
"All SF Acute Hospitals",2020-04-08,"Acute Care","Other Patients",309
"All SF Acute Hospitals",2020-04-09,"Intensive Care Surge","Available",312
"All SF Acute Hospitals",2020-04-09,"Acute Care","Available",375
"All SF Acute Hospitals",2020-04-09,"Acute Care Surge","Available",867
"All SF Acute Hospitals",2020-04-09,"Intensive Care","Available",110
"All SF Acute Hospitals",2020-04-09,"Intensive Care","COVID-19 (Confirmed & Suspected)",44
"All SF Acute Hospitals",2020-04-09,"Intensive Care","Other Patients",125
"All SF Acute Hospitals",2020-04-09,"Acute Care","COVID-19 (Confirmed & Suspected)",70
"All SF Acute Hospitals",2020-04-09,"Acute Care","Other Patients",365
"All SF Acute Hospitals",2020-04-10,"Intensive Care Surge","Available",312
"All SF Acute Hospitals",2020-04-10,"Acute Care","Available",375
"All SF Acute Hospitals",2020-04-10,"Acute Care Surge","Available",912
"All SF Acute Hospitals",2020-04-10,"Intensive Care","Available",134
"All SF Acute Hospitals",2020-04-10,"Intensive Care","COVID-19 (Confirmed & Suspected)",42
"All SF Acute Hospitals",2020-04-10,"Intensive Care","Other Patients",103
"All SF Acute Hospitals",2020-04-10,"Acute Care","COVID-19 (Confirmed & Suspected)",72
"All SF Acute Hospitals",2020-04-10,"Acute Care","Other Patients",318
"All SF Acute Hospitals",2020-04-11,"Intensive Care Surge","Available",312
"All SF Acute Hospitals",2020-04-11,"Acute Care","Available",375
"All SF Acute Hospitals",2020-04-11,"Acute Care Surge","Available",894
"All SF Acute Hospitals",2020-04-11,"Intensive Care","Available",141
"All SF Acute Hospitals",2020-04-11,"Intensive Care","COVID-19 (Confirmed & Suspected)",38
"All SF Acute Hospitals",2020-04-11,"Intensive Care","Other Patients",100
"All SF Acute Hospitals",2020-04-11,"Acute Care","COVID-19 (Confirmed & Suspected)",83
"All SF Acute Hospitals",2020-04-11,"Acute Care","Other Patients",325
"All SF Acute Hospitals",2020-04-12,"Intensive Care Surge","Available",312
"All SF Acute Hospitals",2020-04-12,"Acute Care","Available",375
"All SF Acute Hospitals",2020-04-12,"Acute Care Surge","Available",886
"All SF Acute Hospitals",2020-04-12,"Intensive Care","Available",134
"All SF Acute Hospitals",2020-04-12,"Intensive Care","COVID-19 (Confirmed & Suspected)",40
"All SF Acute Hospitals",2020-04-12,"Intensive Care","Other Patients",105
"All SF Acute Hospitals",2020-04-12,"Acute Care","COVID-19 (Confirmed & Suspected)",76
"All SF Acute Hospitals",2020-04-12,"Acute Care","Other Patients",340
"All SF Acute Hospitals",2020-04-13,"Intensive Care Surge","Available",312
"All SF Acute Hospitals",2020-04-13,"Acute Care","Available",375
"All SF Acute Hospitals",2020-04-13,"Acute Care Surge","Available",881
"All SF Acute Hospitals",2020-04-13,"Intensive Care","Available",142
"All SF Acute Hospitals",2020-04-13,"Intensive Care","COVID-19 (Confirmed & Suspected)",33
"All SF Acute Hospitals",2020-04-13,"Intensive Care","Other Patients",104
"All SF Acute Hospitals",2020-04-13,"Acute Care","COVID-19 (Confirmed & Suspected)",82
"All SF Acute Hospitals",2020-04-13,"Acute Care","Other Patients",339
"All SF Acute Hospitals",2020-04-14,"Intensive Care Surge","Available",312
"All SF Acute Hospitals",2020-04-14,"Acute Care","Available",375
"All SF Acute Hospitals",2020-04-14,"Acute Care Surge","Available",887
"All SF Acute Hospitals",2020-04-14,"Intensive Care","Available",147
"All SF Acute Hospitals",2020-04-14,"Intensive Care","COVID-19 (Confirmed & Suspected)",32
"All SF Acute Hospitals",2020-04-14,"Intensive Care","Other Patients",100
"All SF Acute Hospitals",2020-04-14,"Acute Care","COVID-19 (Confirmed & Suspected)",77
"All SF Acute Hospitals",2020-04-14,"Acute Care","Other Patients",338
"All SF Acute Hospitals",2020-04-15,"Intensive Care Surge","Available",312
"All SF Acute Hospitals",2020-04-15,"Acute Care","Available",375
"All SF Acute Hospitals",2020-04-15,"Acute Care Surge","Available",884
"All SF Acute Hospitals",2020-04-15,"Intensive Care","Available",133
"All SF Acute Hospitals",2020-04-15,"Intensive Care","COVID-19 (Confirmed & Suspected)",37
"All SF Acute Hospitals",2020-04-15,"Intensive Care","Other Patients",109
"All SF Acute Hospitals",2020-04-15,"Acute Care","COVID-19 (Confirmed & Suspected)",83
"All SF Acute Hospitals",2020-04-15,"Acute Care","Other Patients",335
"All SF Acute Hospitals",2020-04-16,"Intensive Care Surge","Available",312
"All SF Acute Hospitals",2020-04-16,"Acute Care","Available",375
"All SF Acute Hospitals",2020-04-16,"Acute Care Surge","Available",888
"All SF Acute Hospitals",2020-04-16,"Intensive Care","Available",144
"All SF Acute Hospitals",2020-04-16,"Intensive Care","COVID-19 (Confirmed & Suspected)",37
"All SF Acute Hospitals",2020-04-16,"Intensive Care","Other Patients",98
"All SF Acute Hospitals",2020-04-16,"Acute Care","COVID-19 (Confirmed & Suspected)",72
"All SF Acute Hospitals",2020-04-16,"Acute Care","Other Patients",342
"All SF Acute Hospitals",2020-04-17,"Intensive Care Surge","Available",312
"All SF Acute Hospitals",2020-04-17,"Acute Care","Available",375
"All SF Acute Hospitals",2020-04-17,"Acute Care Surge","Available",819
"All SF Acute Hospitals",2020-04-17,"Intensive Care","Available",143
"All SF Acute Hospitals",2020-04-17,"Intensive Care","COVID-19 (Confirmed & Suspected)",35
"All SF Acute Hospitals",2020-04-17,"Intensive Care","Other Patients",101
"All SF Acute Hospitals",2020-04-17,"Acute Care","COVID-19 (Confirmed & Suspected)",62
"All SF Acute Hospitals",2020-04-17,"Acute Care","Other Patients",421
"All SF Acute Hospitals",2020-04-18,"Intensive Care Surge","Available",312
"All SF Acute Hospitals",2020-04-18,"Acute Care","Available",375
"All SF Acute Hospitals",2020-04-18,"Acute Care Surge","Available",801
"All SF Acute Hospitals",2020-04-18,"Intensive Care","Available",150
"All SF Acute Hospitals",2020-04-18,"Intensive Care","COVID-19 (Confirmed & Suspected)",36
"All SF Acute Hospitals",2020-04-18,"Intensive Care","Other Patients",93
"All SF Acute Hospitals",2020-04-18,"Acute Care","COVID-19 (Confirmed & Suspected)",74
"All SF Acute Hospitals",2020-04-18,"Acute Care","Other Patients",427
"All SF Acute Hospitals",2020-04-19,"Intensive Care Surge","Available",312
"All SF Acute Hospitals",2020-04-19,"Acute Care","Available",375
"All SF Acute Hospitals",2020-04-19,"Acute Care Surge","Available",800
"All SF Acute Hospitals",2020-04-19,"Intensive Care","Available",147
"All SF Acute Hospitals",2020-04-19,"Intensive Care","COVID-19 (Confirmed & Suspected)",34
"All SF Acute Hospitals",2020-04-19,"Intensive Care","Other Patients",98
"All SF Acute Hospitals",2020-04-19,"Acute Care","COVID-19 (Confirmed & Suspected)",70
"All SF Acute Hospitals",2020-04-19,"Acute Care","Other Patients",432
"All SF Acute Hospitals",2020-04-20,"Intensive Care Surge","Available",312
"All SF Acute Hospitals",2020-04-20,"Acute Care","Available",375
"All SF Acute Hospitals",2020-04-20,"Acute Care Surge","Available",752
"All SF Acute Hospitals",2020-04-20,"Intensive Care","Available",131
"All SF Acute Hospitals",2020-04-20,"Intensive Care","COVID-19 (Confirmed & Suspected)",30
"All SF Acute Hospitals",2020-04-20,"Intensive Care","Other Patients",118
"All SF Acute Hospitals",2020-04-20,"Acute Care","COVID-19 (Confirmed & Suspected)",82
"All SF Acute Hospitals",2020-04-20,"Acute Care","Other Patients",468
"All SF Acute Hospitals",2020-04-21,"Intensive Care Surge","Available",312
"All SF Acute Hospitals",2020-04-21,"Acute Care","Available",375
"All SF Acute Hospitals",2020-04-21,"Acute Care Surge","Available",744
"All SF Acute Hospitals",2020-04-21,"Intensive Care","Available",125
"All SF Acute Hospitals",2020-04-21,"Intensive Care","COVID-19 (Confirmed & Suspected)",31
"All SF Acute Hospitals",2020-04-21,"Intensive Care","Other Patients",123
"All SF Acute Hospitals",2020-04-21,"Acute Care","COVID-19 (Confirmed & Suspected)",71
"All SF Acute Hospitals",2020-04-21,"Acute Care","Other Patients",487
"All SF Acute Hospitals",2020-04-22,"Intensive Care Surge","Available",312
"All SF Acute Hospitals",2020-04-22,"Acute Care","Available",375
"All SF Acute Hospitals",2020-04-22,"Acute Care Surge","Available",746
"All SF Acute Hospitals",2020-04-22,"Intensive Care","Available",133
"All SF Acute Hospitals",2020-04-22,"Intensive Care","COVID-19 (Confirmed & Suspected)",39
"All SF Acute Hospitals",2020-04-22,"Intensive Care","Other Patients",107
"All SF Acute Hospitals",2020-04-22,"Acute Care","COVID-19 (Confirmed & Suspected)",67
"All SF Acute Hospitals",2020-04-22,"Acute Care","Other Patients",489
"All SF Acute Hospitals",2020-04-23,"Intensive Care Surge","Available",312
"All SF Acute Hospitals",2020-04-23,"Acute Care","Available",375
"All SF Acute Hospitals",2020-04-23,"Acute Care Surge","Available",729
"All SF Acute Hospitals",2020-04-23,"Intensive Care","Available",155
"All SF Acute Hospitals",2020-04-23,"Intensive Care","COVID-19 (Confirmed & Suspected)",34
"All SF Acute Hospitals",2020-04-23,"Intensive Care","Other Patients",90
"All SF Acute Hospitals",2020-04-23,"Acute Care","COVID-19 (Confirmed & Suspected)",66
"All SF Acute Hospitals",2020-04-23,"Acute Care","Other Patients",507
"All SF Acute Hospitals",2020-04-24,"Intensive Care Surge","Available",312
"All SF Acute Hospitals",2020-04-24,"Acute Care","Available",375
"All SF Acute Hospitals",2020-04-24,"Acute Care Surge","Available",757
"All SF Acute Hospitals",2020-04-24,"Intensive Care","Available",143
"All SF Acute Hospitals",2020-04-24,"Intensive Care","COVID-19 (Confirmed & Suspected)",33
"All SF Acute Hospitals",2020-04-24,"Intensive Care","Other Patients",103
"All SF Acute Hospitals",2020-04-24,"Acute Care","COVID-19 (Confirmed & Suspected)",61
"All SF Acute Hospitals",2020-04-24,"Acute Care","Other Patients",484
"All SF Acute Hospitals",2020-04-25,"Intensive Care Surge","Available",312
"All SF Acute Hospitals",2020-04-25,"Acute Care","Available",375
"All SF Acute Hospitals",2020-04-25,"Acute Care Surge","Available",749
"All SF Acute Hospitals",2020-04-25,"Intensive Care","Available",143
"All SF Acute Hospitals",2020-04-25,"Intensive Care","COVID-19 (Confirmed & Suspected)",35
"All SF Acute Hospitals",2020-04-25,"Intensive Care","Other Patients",101
"All SF Acute Hospitals",2020-04-25,"Acute Care","COVID-19 (Confirmed & Suspected)",70
"All SF Acute Hospitals",2020-04-25,"Acute Care","Other Patients",483
"All SF Acute Hospitals",2020-04-26,"Intensive Care Surge","Available",312
"All SF Acute Hospitals",2020-04-26,"Acute Care","Available",375
"All SF Acute Hospitals",2020-04-26,"Acute Care Surge","Available",731
"All SF Acute Hospitals",2020-04-26,"Intensive Care","Available",158
"All SF Acute Hospitals",2020-04-26,"Intensive Care","COVID-19 (Confirmed & Suspected)",31
"All SF Acute Hospitals",2020-04-26,"Intensive Care","Other Patients",90
"All SF Acute Hospitals",2020-04-26,"Acute Care","COVID-19 (Confirmed & Suspected)",69
"All SF Acute Hospitals",2020-04-26,"Acute Care","Other Patients",502
"All SF Acute Hospitals",2020-04-27,"Intensive Care Surge","Available",312
"All SF Acute Hospitals",2020-04-27,"Acute Care","Available",375
"All SF Acute Hospitals",2020-04-27,"Acute Care Surge","Available",740
"All SF Acute Hospitals",2020-04-27,"Intensive Care","Available",162
"All SF Acute Hospitals",2020-04-27,"Intensive Care","COVID-19 (Confirmed & Suspected)",35
"All SF Acute Hospitals",2020-04-27,"Intensive Care","Other Patients",82
"All SF Acute Hospitals",2020-04-27,"Acute Care","COVID-19 (Confirmed & Suspected)",71
"All SF Acute Hospitals",2020-04-27,"Acute Care","Other Patients",491
"All SF Acute Hospitals",2020-04-28,"Intensive Care Surge","Available",312
"All SF Acute Hospitals",2020-04-28,"Acute Care","Available",375
"All SF Acute Hospitals",2020-04-28,"Acute Care Surge","Available",710
"All SF Acute Hospitals",2020-04-28,"Intensive Care","Available",110
"All SF Acute Hospitals",2020-04-28,"Intensive Care","COVID-19 (Confirmed & Suspected)",35
"All SF Acute Hospitals",2020-04-28,"Intensive Care","Other Patients",134
"All SF Acute Hospitals",2020-04-28,"Acute Care","COVID-19 (Confirmed & Suspected)",77
"All SF Acute Hospitals",2020-04-28,"Acute Care","Other Patients",515
"All SF Acute Hospitals",2020-04-29,"Intensive Care Surge","Available",312
"All SF Acute Hospitals",2020-04-29,"Acute Care","Available",375
"All SF Acute Hospitals",2020-04-29,"Acute Care Surge","Available",712
"All SF Acute Hospitals",2020-04-29,"Intensive Care","Available",107
"All SF Acute Hospitals",2020-04-29,"Intensive Care","COVID-19 (Confirmed & Suspected)",33
"All SF Acute Hospitals",2020-04-29,"Intensive Care","Other Patients",139
"All SF Acute Hospitals",2020-04-29,"Acute Care","COVID-19 (Confirmed & Suspected)",75
"All SF Acute Hospitals",2020-04-29,"Acute Care","Other Patients",515
"All SF Acute Hospitals",2020-04-30,"Intensive Care Surge","Available",312
"All SF Acute Hospitals",2020-04-30,"Acute Care","Available",375
"All SF Acute Hospitals",2020-04-30,"Acute Care Surge","Available",695
"All SF Acute Hospitals",2020-04-30,"Intensive Care","Available",109
"All SF Acute Hospitals",2020-04-30,"Intensive Care","COVID-19 (Confirmed & Suspected)",32
"All SF Acute Hospitals",2020-04-30,"Intensive Care","Other Patients",138
"All SF Acute Hospitals",2020-04-30,"Acute Care","COVID-19 (Confirmed & Suspected)",70
"All SF Acute Hospitals",2020-04-30,"Acute Care","Other Patients",537
"All SF Acute Hospitals",2020-05-01,"Intensive Care Surge","Available",312
"All SF Acute Hospitals",2020-05-01,"Acute Care","Available",375
"All SF Acute Hospitals",2020-05-01,"Acute Care Surge","Available",740
"All SF Acute Hospitals",2020-05-01,"Intensive Care","Available",99
"All SF Acute Hospitals",2020-05-01,"Intensive Care","COVID-19 (Confirmed & Suspected)",35
"All SF Acute Hospitals",2020-05-01,"Intensive Care","Other Patients",145
"All SF Acute Hospitals",2020-05-01,"Acute Care","COVID-19 (Confirmed & Suspected)",76
"All SF Acute Hospitals",2020-05-01,"Acute Care","Other Patients",486
"All SF Acute Hospitals",2020-05-02,"Intensive Care Surge","Available",312
"All SF Acute Hospitals",2020-05-02,"Acute Care","Available",375
"All SF Acute Hospitals",2020-05-02,"Acute Care Surge","Available",754
"All SF Acute Hospitals",2020-05-02,"Intensive Care","Available",102
"All SF Acute Hospitals",2020-05-02,"Intensive Care","COVID-19 (Confirmed & Suspected)",33
"All SF Acute Hospitals",2020-05-02,"Intensive Care","Other Patients",144
"All SF Acute Hospitals",2020-05-02,"Acute Care","COVID-19 (Confirmed & Suspected)",74
"All SF Acute Hospitals",2020-05-02,"Acute Care","Other Patients",474
"All SF Acute Hospitals",2020-05-03,"Intensive Care Surge","Available",312
"All SF Acute Hospitals",2020-05-03,"Acute Care","Available",375
"All SF Acute Hospitals",2020-05-03,"Acute Care Surge","Available",757
"All SF Acute Hospitals",2020-05-03,"Intensive Care","Available",114
"All SF Acute Hospitals",2020-05-03,"Intensive Care","COVID-19 (Confirmed & Suspected)",28
"All SF Acute Hospitals",2020-05-03,"Intensive Care","Other Patients",137
"All SF Acute Hospitals",2020-05-03,"Acute Care","COVID-19 (Confirmed & Suspected)",67
"All SF Acute Hospitals",2020-05-03,"Acute Care","Other Patients",478
"All SF Acute Hospitals",2020-05-04,"Intensive Care Surge","Available",312
"All SF Acute Hospitals",2020-05-04,"Acute Care","Available",375
"All SF Acute Hospitals",2020-05-04,"Acute Care Surge","Available",716
"All SF Acute Hospitals",2020-05-04,"Intensive Care","Available",115
"All SF Acute Hospitals",2020-05-04,"Intensive Care","COVID-19 (Confirmed & Suspected)",27
"All SF Acute Hospitals",2020-05-04,"Intensive Care","Other Patients",137
"All SF Acute Hospitals",2020-05-04,"Acute Care","COVID-19 (Confirmed & Suspected)",68
"All SF Acute Hospitals",2020-05-04,"Acute Care","Other Patients",518
"All SF Acute Hospitals",2020-05-05,"Intensive Care Surge","Available",312
"All SF Acute Hospitals",2020-05-05,"Acute Care","Available",375
"All SF Acute Hospitals",2020-05-05,"Acute Care Surge","Available",726
"All SF Acute Hospitals",2020-05-05,"Intensive Care","Available",110
"All SF Acute Hospitals",2020-05-05,"Intensive Care","COVID-19 (Confirmed & Suspected)",35
"All SF Acute Hospitals",2020-05-05,"Intensive Care","Other Patients",134
"All SF Acute Hospitals",2020-05-05,"Acute Care","COVID-19 (Confirmed & Suspected)",67
"All SF Acute Hospitals",2020-05-05,"Acute Care","Other Patients",509
"All SF Acute Hospitals",2020-05-06,"Intensive Care Surge","Available",312
"All SF Acute Hospitals",2020-05-06,"Acute Care","Available",375
"All SF Acute Hospitals",2020-05-06,"Acute Care Surge","Available",745
"All SF Acute Hospitals",2020-05-06,"Intensive Care","Available",106
"All SF Acute Hospitals",2020-05-06,"Intensive Care","COVID-19 (Confirmed & Suspected)",31
"All SF Acute Hospitals",2020-05-06,"Intensive Care","Other Patients",142
"All SF Acute Hospitals",2020-05-06,"Acute Care","COVID-19 (Confirmed & Suspected)",66
"All SF Acute Hospitals",2020-05-06,"Acute Care","Other Patients",491
"All SF Acute Hospitals",2020-05-07,"Intensive Care Surge","Available",312
"All SF Acute Hospitals",2020-05-07,"Acute Care","Available",375
"All SF Acute Hospitals",2020-05-07,"Acute Care Surge","Available",729
"All SF Acute Hospitals",2020-05-07,"Intensive Care","Available",90
"All SF Acute Hospitals",2020-05-07,"Intensive Care","COVID-19 (Confirmed & Suspected)",31
"All SF Acute Hospitals",2020-05-07,"Intensive Care","Other Patients",158
"All SF Acute Hospitals",2020-05-07,"Acute Care","COVID-19 (Confirmed & Suspected)",61
"All SF Acute Hospitals",2020-05-07,"Acute Care","Other Patients",512
"All SF Acute Hospitals",2020-05-08,"Intensive Care Surge","Available",312
"All SF Acute Hospitals",2020-05-08,"Acute Care","Available",375
"All SF Acute Hospitals",2020-05-08,"Acute Care Surge","Available",751
"All SF Acute Hospitals",2020-05-08,"Intensive Care","Available",88
"All SF Acute Hospitals",2020-05-08,"Intensive Care","COVID-19 (Confirmed & Suspected)",33
"All SF Acute Hospitals",2020-05-08,"Intensive Care","Other Patients",158
"All SF Acute Hospitals",2020-05-08,"Acute Care","COVID-19 (Confirmed & Suspected)",61
"All SF Acute Hospitals",2020-05-08,"Acute Care","Other Patients",490
"All SF Acute Hospitals",2020-05-09,"Intensive Care Surge","Available",312
"All SF Acute Hospitals",2020-05-09,"Acute Care","Available",375
"All SF Acute Hospitals",2020-05-09,"Acute Care Surge","Available",752
"All SF Acute Hospitals",2020-05-09,"Intensive Care","Available",95
"All SF Acute Hospitals",2020-05-09,"Intensive Care","COVID-19 (Confirmed & Suspected)",31
"All SF Acute Hospitals",2020-05-09,"Intensive Care","Other Patients",153
"All SF Acute Hospitals",2020-05-09,"Acute Care","COVID-19 (Confirmed & Suspected)",62
"All SF Acute Hospitals",2020-05-09,"Acute Care","Other Patients",488
"All SF Acute Hospitals",2020-05-10,"Intensive Care Surge","Available",312
"All SF Acute Hospitals",2020-05-10,"Acute Care","Available",375
"All SF Acute Hospitals",2020-05-10,"Acute Care Surge","Available",752
"All SF Acute Hospitals",2020-05-10,"Intensive Care","Available",108
"All SF Acute Hospitals",2020-05-10,"Intensive Care","COVID-19 (Confirmed & Suspected)",33
"All SF Acute Hospitals",2020-05-10,"Intensive Care","Other Patients",138
"All SF Acute Hospitals",2020-05-10,"Acute Care","COVID-19 (Confirmed & Suspected)",62
"All SF Acute Hospitals",2020-05-10,"Acute Care","Other Patients",488
"All SF Acute Hospitals",2020-05-11,"Intensive Care Surge","Available",312
"All SF Acute Hospitals",2020-05-11,"Acute Care","Available",375
"All SF Acute Hospitals",2020-05-11,"Acute Care Surge","Available",728
"All SF Acute Hospitals",2020-05-11,"Intensive Care","Available",110
"All SF Acute Hospitals",2020-05-11,"Intensive Care","COVID-19 (Confirmed & Suspected)",30
"All SF Acute Hospitals",2020-05-11,"Intensive Care","Other Patients",139
"All SF Acute Hospitals",2020-05-11,"Acute Care","COVID-19 (Confirmed & Suspected)",72
"All SF Acute Hospitals",2020-05-11,"Acute Care","Other Patients",502
"All SF Acute Hospitals",2020-05-12,"Intensive Care Surge","Available",312
"All SF Acute Hospitals",2020-05-12,"Acute Care","Available",375
"All SF Acute Hospitals",2020-05-12,"Acute Care Surge","Available",703
"All SF Acute Hospitals",2020-05-12,"Intensive Care","Available",106
"All SF Acute Hospitals",2020-05-12,"Intensive Care","COVID-19 (Confirmed & Suspected)",31
"All SF Acute Hospitals",2020-05-12,"Intensive Care","Other Patients",142
"All SF Acute Hospitals",2020-05-12,"Acute Care","COVID-19 (Confirmed & Suspected)",60
"All SF Acute Hospitals",2020-05-12,"Acute Care","Other Patients",539
"All SF Acute Hospitals",2020-05-13,"Intensive Care Surge","Available",312
"All SF Acute Hospitals",2020-05-13,"Acute Care","Available",375
"All SF Acute Hospitals",2020-05-13,"Acute Care Surge","Available",742
"All SF Acute Hospitals",2020-05-13,"Intensive Care","Available",112
"All SF Acute Hospitals",2020-05-13,"Intensive Care","COVID-19 (Confirmed & Suspected)",29
"All SF Acute Hospitals",2020-05-13,"Intensive Care","Other Patients",138
"All SF Acute Hospitals",2020-05-13,"Acute Care","COVID-19 (Confirmed & Suspected)",65
"All SF Acute Hospitals",2020-05-13,"Acute Care","Other Patients",495
"All SF Acute Hospitals",2020-05-14,"Intensive Care Surge","Available",312
"All SF Acute Hospitals",2020-05-14,"Acute Care","Available",375
"All SF Acute Hospitals",2020-05-14,"Acute Care Surge","Available",689
"All SF Acute Hospitals",2020-05-14,"Intensive Care","Available",92
"All SF Acute Hospitals",2020-05-14,"Intensive Care","COVID-19 (Confirmed & Suspected)",29
"All SF Acute Hospitals",2020-05-14,"Intensive Care","Other Patients",158
"All SF Acute Hospitals",2020-05-14,"Acute Care","COVID-19 (Confirmed & Suspected)",65
"All SF Acute Hospitals",2020-05-14,"Acute Care","Other Patients",548
"All SF Acute Hospitals",2020-05-15,"Intensive Care Surge","Available",312
"All SF Acute Hospitals",2020-05-15,"Acute Care","Available",375
"All SF Acute Hospitals",2020-05-15,"Acute Care Surge","Available",715
"All SF Acute Hospitals",2020-05-15,"Intensive Care","Available",97
"All SF Acute Hospitals",2020-05-15,"Intensive Care","COVID-19 (Confirmed & Suspected)",25
"All SF Acute Hospitals",2020-05-15,"Intensive Care","Other Patients",157
"All SF Acute Hospitals",2020-05-15,"Acute Care","COVID-19 (Confirmed & Suspected)",55
"All SF Acute Hospitals",2020-05-15,"Acute Care","Other Patients",532
"All SF Acute Hospitals",2020-05-16,"Intensive Care Surge","Available",312
"All SF Acute Hospitals",2020-05-16,"Acute Care","Available",375
"All SF Acute Hospitals",2020-05-16,"Acute Care Surge","Available",722
"All SF Acute Hospitals",2020-05-16,"Intensive Care","Available",96
"All SF Acute Hospitals",2020-05-16,"Intensive Care","COVID-19 (Confirmed & Suspected)",24
"All SF Acute Hospitals",2020-05-16,"Intensive Care","Other Patients",159
"All SF Acute Hospitals",2020-05-16,"Acute Care","COVID-19 (Confirmed & Suspected)",51
"All SF Acute Hospitals",2020-05-16,"Acute Care","Other Patients",529
"All SF Acute Hospitals",2020-05-17,"Intensive Care Surge","Available",312
"All SF Acute Hospitals",2020-05-17,"Acute Care","Available",375
"All SF Acute Hospitals",2020-05-17,"Acute Care Surge","Available",675
"All SF Acute Hospitals",2020-05-17,"Intensive Care","Available",104
"All SF Acute Hospitals",2020-05-17,"Intensive Care","COVID-19 (Confirmed & Suspected)",28
"All SF Acute Hospitals",2020-05-17,"Intensive Care","Other Patients",147
"All SF Acute Hospitals",2020-05-17,"Acute Care","COVID-19 (Confirmed & Suspected)",63
"All SF Acute Hospitals",2020-05-17,"Acute Care","Other Patients",564
"All SF Acute Hospitals",2020-05-18,"Intensive Care Surge","Available",312
"All SF Acute Hospitals",2020-05-18,"Acute Care","Available",375
"All SF Acute Hospitals",2020-05-18,"Acute Care Surge","Available",702
"All SF Acute Hospitals",2020-05-18,"Intensive Care","Available",109
"All SF Acute Hospitals",2020-05-18,"Intensive Care","COVID-19 (Confirmed & Suspected)",22
"All SF Acute Hospitals",2020-05-18,"Intensive Care","Other Patients",148
"All SF Acute Hospitals",2020-05-18,"Acute Care","COVID-19 (Confirmed & Suspected)",56
"All SF Acute Hospitals",2020-05-18,"Acute Care","Other Patients",544
"All SF Acute Hospitals",2020-05-19,"Intensive Care Surge","Available",312
"All SF Acute Hospitals",2020-05-19,"Acute Care","Available",375
"All SF Acute Hospitals",2020-05-19,"Acute Care Surge","Available",676
"All SF Acute Hospitals",2020-05-19,"Intensive Care","Available",107
"All SF Acute Hospitals",2020-05-19,"Intensive Care","COVID-19 (Confirmed & Suspected)",28
"All SF Acute Hospitals",2020-05-19,"Intensive Care","Other Patients",144
"All SF Acute Hospitals",2020-05-19,"Acute Care","COVID-19 (Confirmed & Suspected)",48
"All SF Acute Hospitals",2020-05-19,"Acute Care","Other Patients",578
"All SF Acute Hospitals",2020-05-20,"Intensive Care Surge","Available",312
"All SF Acute Hospitals",2020-05-20,"Acute Care","Available",375
"All SF Acute Hospitals",2020-05-20,"Acute Care Surge","Available",704
"All SF Acute Hospitals",2020-05-20,"Intensive Care","Available",95
"All SF Acute Hospitals",2020-05-20,"Intensive Care","COVID-19 (Confirmed & Suspected)",31
"All SF Acute Hospitals",2020-05-20,"Intensive Care","Other Patients",153
"All SF Acute Hospitals",2020-05-20,"Acute Care","COVID-19 (Confirmed & Suspected)",56
"All SF Acute Hospitals",2020-05-20,"Acute Care","Other Patients",542
"All SF Acute Hospitals",2020-05-21,"Intensive Care Surge","Available",312
"All SF Acute Hospitals",2020-05-21,"Acute Care","Available",375
"All SF Acute Hospitals",2020-05-21,"Acute Care Surge","Available",707
"All SF Acute Hospitals",2020-05-21,"Intensive Care","Available",84
"All SF Acute Hospitals",2020-05-21,"Intensive Care","COVID-19 (Confirmed & Suspected)",31
"All SF Acute Hospitals",2020-05-21,"Intensive Care","Other Patients",164
"All SF Acute Hospitals",2020-05-21,"Acute Care","COVID-19 (Confirmed & Suspected)",56
"All SF Acute Hospitals",2020-05-21,"Acute Care","Other Patients",539
"All SF Acute Hospitals",2020-05-22,"Intensive Care Surge","Available",312
"All SF Acute Hospitals",2020-05-22,"Acute Care","Available",375
"All SF Acute Hospitals",2020-05-22,"Acute Care Surge","Available",748
"All SF Acute Hospitals",2020-05-22,"Intensive Care","Available",86
"All SF Acute Hospitals",2020-05-22,"Intensive Care","COVID-19 (Confirmed & Suspected)",26
"All SF Acute Hospitals",2020-05-22,"Intensive Care","Other Patients",167
"All SF Acute Hospitals",2020-05-22,"Acute Care","COVID-19 (Confirmed & Suspected)",54
"All SF Acute Hospitals",2020-05-22,"Acute Care","Other Patients",500
"All SF Acute Hospitals",2020-05-23,"Intensive Care Surge","Available",312
"All SF Acute Hospitals",2020-05-23,"Acute Care","Available",375
"All SF Acute Hospitals",2020-05-23,"Acute Care Surge","Available",738
"All SF Acute Hospitals",2020-05-23,"Intensive Care","Available",99
"All SF Acute Hospitals",2020-05-23,"Intensive Care","COVID-19 (Confirmed & Suspected)",31
"All SF Acute Hospitals",2020-05-23,"Intensive Care","Other Patients",149
"All SF Acute Hospitals",2020-05-23,"Acute Care","COVID-19 (Confirmed & Suspected)",47
"All SF Acute Hospitals",2020-05-23,"Acute Care","Other Patients",517
"All SF Acute Hospitals",2020-05-24,"Intensive Care Surge","Available",312
"All SF Acute Hospitals",2020-05-24,"Acute Care","Available",375
"All SF Acute Hospitals",2020-05-24,"Acute Care Surge","Available",747
"All SF Acute Hospitals",2020-05-24,"Intensive Care","Available",97
"All SF Acute Hospitals",2020-05-24,"Intensive Care","COVID-19 (Confirmed & Suspected)",27
"All SF Acute Hospitals",2020-05-24,"Intensive Care","Other Patients",155
"All SF Acute Hospitals",2020-05-24,"Acute Care","COVID-19 (Confirmed & Suspected)",54
"All SF Acute Hospitals",2020-05-24,"Acute Care","Other Patients",501
"All SF Acute Hospitals",2020-05-25,"Intensive Care Surge","Available",312
"All SF Acute Hospitals",2020-05-25,"Acute Care","Available",375
"All SF Acute Hospitals",2020-05-25,"Acute Care Surge","Available",725
"All SF Acute Hospitals",2020-05-25,"Intensive Care","Available",95
"All SF Acute Hospitals",2020-05-25,"Intensive Care","COVID-19 (Confirmed & Suspected)",35
"All SF Acute Hospitals",2020-05-25,"Intensive Care","Other Patients",149
"All SF Acute Hospitals",2020-05-25,"Acute Care","COVID-19 (Confirmed & Suspected)",55
"All SF Acute Hospitals",2020-05-25,"Acute Care","Other Patients",522
"All SF Acute Hospitals",2020-05-26,"Intensive Care Surge","Available",312
"All SF Acute Hospitals",2020-05-26,"Acute Care","Available",375
"All SF Acute Hospitals",2020-05-26,"Acute Care Surge","Available",689
"All SF Acute Hospitals",2020-05-26,"Intensive Care","Available",76
"All SF Acute Hospitals",2020-05-26,"Intensive Care","COVID-19 (Confirmed & Suspected)",38
"All SF Acute Hospitals",2020-05-26,"Intensive Care","Other Patients",165
"All SF Acute Hospitals",2020-05-26,"Acute Care","COVID-19 (Confirmed & Suspected)",59
"All SF Acute Hospitals",2020-05-26,"Acute Care","Other Patients",554
"All SF Acute Hospitals",2020-05-27,"Intensive Care Surge","Available",312
"All SF Acute Hospitals",2020-05-27,"Acute Care","Available",375
"All SF Acute Hospitals",2020-05-27,"Acute Care Surge","Available",649
"All SF Acute Hospitals",2020-05-27,"Intensive Care","Available",77
"All SF Acute Hospitals",2020-05-27,"Intensive Care","COVID-19 (Confirmed & Suspected)",29
"All SF Acute Hospitals",2020-05-27,"Intensive Care","Other Patients",173
"All SF Acute Hospitals",2020-05-27,"Acute Care","COVID-19 (Confirmed & Suspected)",61
"All SF Acute Hospitals",2020-05-27,"Acute Care","Other Patients",592
"All SF Acute Hospitals",2020-05-28,"Intensive Care Surge","Available",312
"All SF Acute Hospitals",2020-05-28,"Acute Care","Available",375
"All SF Acute Hospitals",2020-05-28,"Acute Care Surge","Available",479
"All SF Acute Hospitals",2020-05-28,"Intensive Care","Available",92
"All SF Acute Hospitals",2020-05-28,"Intensive Care","COVID-19 (Confirmed & Suspected)",27
"All SF Acute Hospitals",2020-05-28,"Intensive Care","Other Patients",160
"All SF Acute Hospitals",2020-05-28,"Acute Care","COVID-19 (Confirmed & Suspected)",43
"All SF Acute Hospitals",2020-05-28,"Acute Care","Other Patients",780
"All SF Acute Hospitals",2020-05-29,"Intensive Care Surge","Available",312
"All SF Acute Hospitals",2020-05-29,"Acute Care","Available",375
"All SF Acute Hospitals",2020-05-29,"Acute Care Surge","Available",520
"All SF Acute Hospitals",2020-05-29,"Intensive Care","Available",81
"All SF Acute Hospitals",2020-05-29,"Intensive Care","COVID-19 (Confirmed & Suspected)",24
"All SF Acute Hospitals",2020-05-29,"Intensive Care","Other Patients",174
"All SF Acute Hospitals",2020-05-29,"Acute Care","COVID-19 (Confirmed & Suspected)",43
"All SF Acute Hospitals",2020-05-29,"Acute Care","Other Patients",739
"All SF Acute Hospitals",2020-05-30,"Intensive Care Surge","Available",312
"All SF Acute Hospitals",2020-05-30,"Acute Care","Available",375
"All SF Acute Hospitals",2020-05-30,"Acute Care Surge","Available",559
"All SF Acute Hospitals",2020-05-30,"Intensive Care","Available",79
"All SF Acute Hospitals",2020-05-30,"Intensive Care","COVID-19 (Confirmed & Suspected)",27
"All SF Acute Hospitals",2020-05-30,"Intensive Care","Other Patients",173
"All SF Acute Hospitals",2020-05-30,"Acute Care","COVID-19 (Confirmed & Suspected)",38
"All SF Acute Hospitals",2020-05-30,"Acute Care","Other Patients",705
"All SF Acute Hospitals",2020-05-31,"Intensive Care Surge","Available",312
"All SF Acute Hospitals",2020-05-31,"Acute Care","Available",375
"All SF Acute Hospitals",2020-05-31,"Acute Care Surge","Available",556
"All SF Acute Hospitals",2020-05-31,"Intensive Care","Available",84
"All SF Acute Hospitals",2020-05-31,"Intensive Care","COVID-19 (Confirmed & Suspected)",22
"All SF Acute Hospitals",2020-05-31,"Intensive Care","Other Patients",173
"All SF Acute Hospitals",2020-05-31,"Acute Care","COVID-19 (Confirmed & Suspected)",48
"All SF Acute Hospitals",2020-05-31,"Acute Care","Other Patients",698
"All SF Acute Hospitals",2020-06-01,"Intensive Care Surge","Available",312
"All SF Acute Hospitals",2020-06-01,"Acute Care","Available",375
"All SF Acute Hospitals",2020-06-01,"Acute Care Surge","Available",524
"All SF Acute Hospitals",2020-06-01,"Intensive Care","Available",87
"All SF Acute Hospitals",2020-06-01,"Intensive Care","COVID-19 (Confirmed & Suspected)",24
"All SF Acute Hospitals",2020-06-01,"Intensive Care","Other Patients",168
"All SF Acute Hospitals",2020-06-01,"Acute Care","COVID-19 (Confirmed & Suspected)",41
"All SF Acute Hospitals",2020-06-01,"Acute Care","Other Patients",737
"All SF Acute Hospitals",2020-06-02,"Intensive Care Surge","Available",312
"All SF Acute Hospitals",2020-06-02,"Acute Care","Available",375
"All SF Acute Hospitals",2020-06-02,"Acute Care Surge","Available",459
"All SF Acute Hospitals",2020-06-02,"Intensive Care","Available",79
"All SF Acute Hospitals",2020-06-02,"Intensive Care","COVID-19 (Confirmed & Suspected)",23
"All SF Acute Hospitals",2020-06-02,"Intensive Care","Other Patients",177
"All SF Acute Hospitals",2020-06-02,"Acute Care","COVID-19 (Confirmed & Suspected)",46
"All SF Acute Hospitals",2020-06-02,"Acute Care","Other Patients",797
"All SF Acute Hospitals",2020-06-03,"Intensive Care Surge","Available",312
"All SF Acute Hospitals",2020-06-03,"Acute Care","Available",375
"All SF Acute Hospitals",2020-06-03,"Acute Care Surge","Available",451
"All SF Acute Hospitals",2020-06-03,"Intensive Care","Available",83
"All SF Acute Hospitals",2020-06-03,"Intensive Care","COVID-19 (Confirmed & Suspected)",21
"All SF Acute Hospitals",2020-06-03,"Intensive Care","Other Patients",175
"All SF Acute Hospitals",2020-06-03,"Acute Care","COVID-19 (Confirmed & Suspected)",48
"All SF Acute Hospitals",2020-06-03,"Acute Care","Other Patients",803
"All SF Acute Hospitals",2020-06-04,"Intensive Care Surge","Available",312
"All SF Acute Hospitals",2020-06-04,"Acute Care","Available",375
"All SF Acute Hospitals",2020-06-04,"Acute Care Surge","Available",459
"All SF Acute Hospitals",2020-06-04,"Intensive Care","Available",85
"All SF Acute Hospitals",2020-06-04,"Intensive Care","COVID-19 (Confirmed & Suspected)",22
"All SF Acute Hospitals",2020-06-04,"Intensive Care","Other Patients",172
"All SF Acute Hospitals",2020-06-04,"Acute Care","COVID-19 (Confirmed & Suspected)",48
"All SF Acute Hospitals",2020-06-04,"Acute Care","Other Patients",795
"All SF Acute Hospitals",2020-06-05,"Intensive Care Surge","Available",312
"All SF Acute Hospitals",2020-06-05,"Acute Care","Available",375
"All SF Acute Hospitals",2020-06-05,"Acute Care Surge","Available",486
"All SF Acute Hospitals",2020-06-05,"Intensive Care","Available",90
"All SF Acute Hospitals",2020-06-05,"Intensive Care","COVID-19 (Confirmed & Suspected)",19
"All SF Acute Hospitals",2020-06-05,"Intensive Care","Other Patients",170
"All SF Acute Hospitals",2020-06-05,"Acute Care","COVID-19 (Confirmed & Suspected)",44
"All SF Acute Hospitals",2020-06-05,"Acute Care","Other Patients",772
"All SF Acute Hospitals",2020-06-06,"Intensive Care Surge","Available",312
"All SF Acute Hospitals",2020-06-06,"Acute Care","Available",375
"All SF Acute Hospitals",2020-06-06,"Acute Care Surge","Available",525
"All SF Acute Hospitals",2020-06-06,"Intensive Care","Available",114
"All SF Acute Hospitals",2020-06-06,"Intensive Care","COVID-19 (Confirmed & Suspected)",15
"All SF Acute Hospitals",2020-06-06,"Intensive Care","Other Patients",150
"All SF Acute Hospitals",2020-06-06,"Acute Care","COVID-19 (Confirmed & Suspected)",36
"All SF Acute Hospitals",2020-06-06,"Acute Care","Other Patients",741
"All SF Acute Hospitals",2020-06-07,"Intensive Care Surge","Available",312
"All SF Acute Hospitals",2020-06-07,"Acute Care","Available",375
"All SF Acute Hospitals",2020-06-07,"Acute Care Surge","Available",535
"All SF Acute Hospitals",2020-06-07,"Intensive Care","Available",119
"All SF Acute Hospitals",2020-06-07,"Intensive Care","COVID-19 (Confirmed & Suspected)",14
"All SF Acute Hospitals",2020-06-07,"Intensive Care","Other Patients",146
"All SF Acute Hospitals",2020-06-07,"Acute Care","COVID-19 (Confirmed & Suspected)",39
"All SF Acute Hospitals",2020-06-07,"Acute Care","Other Patients",728
"All SF Acute Hospitals",2020-06-08,"Intensive Care Surge","Available",312
"All SF Acute Hospitals",2020-06-08,"Acute Care","Available",375
"All SF Acute Hospitals",2020-06-08,"Acute Care Surge","Available",541
"All SF Acute Hospitals",2020-06-08,"Intensive Care","Available",112
"All SF Acute Hospitals",2020-06-08,"Intensive Care","COVID-19 (Confirmed & Suspected)",15
"All SF Acute Hospitals",2020-06-08,"Intensive Care","Other Patients",152
"All SF Acute Hospitals",2020-06-08,"Acute Care","COVID-19 (Confirmed & Suspected)",38
"All SF Acute Hospitals",2020-06-08,"Acute Care","Other Patients",723
"All SF Acute Hospitals",2020-06-09,"Intensive Care Surge","Available",312
"All SF Acute Hospitals",2020-06-09,"Acute Care","Available",375
"All SF Acute Hospitals",2020-06-09,"Acute Care Surge","Available",516
"All SF Acute Hospitals",2020-06-09,"Intensive Care","Available",102
"All SF Acute Hospitals",2020-06-09,"Intensive Care","COVID-19 (Confirmed & Suspected)",13
"All SF Acute Hospitals",2020-06-09,"Intensive Care","Other Patients",164
"All SF Acute Hospitals",2020-06-09,"Acute Care","COVID-19 (Confirmed & Suspected)",38
"All SF Acute Hospitals",2020-06-09,"Acute Care","Other Patients",748
"All SF Acute Hospitals",2020-06-10,"Intensive Care Surge","Available",312
"All SF Acute Hospitals",2020-06-10,"Acute Care","Available",375
"All SF Acute Hospitals",2020-06-10,"Acute Care Surge","Available",607
"All SF Acute Hospitals",2020-06-10,"Intensive Care","Available",90
"All SF Acute Hospitals",2020-06-10,"Intensive Care","COVID-19 (Confirmed & Suspected)",14
"All SF Acute Hospitals",2020-06-10,"Intensive Care","Other Patients",175
"All SF Acute Hospitals",2020-06-10,"Acute Care","COVID-19 (Confirmed & Suspected)",39
"All SF Acute Hospitals",2020-06-10,"Acute Care","Other Patients",656
"All SF Acute Hospitals",2020-06-11,"Intensive Care Surge","Available",312
"All SF Acute Hospitals",2020-06-11,"Acute Care","Available",375
"All SF Acute Hospitals",2020-06-11,"Acute Care Surge","Available",448
"All SF Acute Hospitals",2020-06-11,"Intensive Care","Available",87
"All SF Acute Hospitals",2020-06-11,"Intensive Care","COVID-19 (Confirmed & Suspected)",15
"All SF Acute Hospitals",2020-06-11,"Intensive Care","Other Patients",177
"All SF Acute Hospitals",2020-06-11,"Acute Care","COVID-19 (Confirmed & Suspected)",39
"All SF Acute Hospitals",2020-06-11,"Acute Care","Other Patients",815
"All SF Acute Hospitals",2020-06-12,"Intensive Care Surge","Available",312
"All SF Acute Hospitals",2020-06-12,"Acute Care","Available",375
"All SF Acute Hospitals",2020-06-12,"Acute Care Surge","Available",497
"All SF Acute Hospitals",2020-06-12,"Intensive Care","Available",98
"All SF Acute Hospitals",2020-06-12,"Intensive Care","COVID-19 (Confirmed & Suspected)",13
"All SF Acute Hospitals",2020-06-12,"Intensive Care","Other Patients",168
"All SF Acute Hospitals",2020-06-12,"Acute Care","COVID-19 (Confirmed & Suspected)",33
"All SF Acute Hospitals",2020-06-12,"Acute Care","Other Patients",772
"All SF Acute Hospitals",2020-06-13,"Intensive Care Surge","Available",312
"All SF Acute Hospitals",2020-06-13,"Acute Care","Available",375
"All SF Acute Hospitals",2020-06-13,"Acute Care Surge","Available",539
"All SF Acute Hospitals",2020-06-13,"Intensive Care","Available",109
"All SF Acute Hospitals",2020-06-13,"Intensive Care","COVID-19 (Confirmed & Suspected)",12
"All SF Acute Hospitals",2020-06-13,"Intensive Care","Other Patients",158
"All SF Acute Hospitals",2020-06-13,"Acute Care","COVID-19 (Confirmed & Suspected)",37
"All SF Acute Hospitals",2020-06-13,"Acute Care","Other Patients",726
"All SF Acute Hospitals",2020-06-14,"Intensive Care Surge","Available",312
"All SF Acute Hospitals",2020-06-14,"Acute Care","Available",375
"All SF Acute Hospitals",2020-06-14,"Acute Care Surge","Available",536
"All SF Acute Hospitals",2020-06-14,"Intensive Care","Available",112
"All SF Acute Hospitals",2020-06-14,"Intensive Care","COVID-19 (Confirmed & Suspected)",8
"All SF Acute Hospitals",2020-06-14,"Intensive Care","Other Patients",159
"All SF Acute Hospitals",2020-06-14,"Acute Care","COVID-19 (Confirmed & Suspected)",38
"All SF Acute Hospitals",2020-06-14,"Acute Care","Other Patients",728
"All SF Acute Hospitals",2020-06-15,"Intensive Care Surge","Available",312
"All SF Acute Hospitals",2020-06-15,"Acute Care","Available",375
"All SF Acute Hospitals",2020-06-15,"Acute Care Surge","Available",506
"All SF Acute Hospitals",2020-06-15,"Intensive Care","Available",102
"All SF Acute Hospitals",2020-06-15,"Intensive Care","COVID-19 (Confirmed & Suspected)",8
"All SF Acute Hospitals",2020-06-15,"Intensive Care","Other Patients",169
"All SF Acute Hospitals",2020-06-15,"Acute Care","COVID-19 (Confirmed & Suspected)",36
"All SF Acute Hospitals",2020-06-15,"Acute Care","Other Patients",760
"All SF Acute Hospitals",2020-06-16,"Intensive Care Surge","Available",312
"All SF Acute Hospitals",2020-06-16,"Acute Care","Available",375
"All SF Acute Hospitals",2020-06-16,"Acute Care Surge","Available",479
"All SF Acute Hospitals",2020-06-16,"Intensive Care","Available",108
"All SF Acute Hospitals",2020-06-16,"Intensive Care","COVID-19 (Confirmed & Suspected)",11
"All SF Acute Hospitals",2020-06-16,"Intensive Care","Other Patients",160
"All SF Acute Hospitals",2020-06-16,"Acute Care","COVID-19 (Confirmed & Suspected)",37
"All SF Acute Hospitals",2020-06-16,"Acute Care","Other Patients",786
